S,T,Q,Y,L
b,10,34.21123117940644,24,94.60786285705285
m,2,69.97929025369474,23,54.79093247129811
e,31,34.59451683873036,38,5.037094124001817
f,10,54.326521876127764,38,84.99268808782455
u,63,57.42236755479576,12,81.94706594648093
r,91,37.082462583930734,35,78.63157497074444
v,35,7.4416526075711475,40,27.849648414425687
f,49,2.316997738777904,91,10.859862638249185
c,76,13.04273904760147,77,97.20786007400515
s,76,21.29976602008349,84,45.16099628905006
a,86,51.763783529164186,89,65.33987929702612
u,14,50.158919979385885,66,58.25716057216117
i,46,84.98130618424337,66,21.904458620157374
m,15,95.95629617828767,27,87.37117561537274
g,81,56.69298136567789,42,17.986573793507855
d,94,83.92815303288039,83,44.10900776520186
y,95,59.07918759298455,18,69.90480061916814
v,69,65.02475246312264,32,60.91991089548948
z,100,93.05936169539206,6,99.90257291235439
e,4,8.177490129003917,50,25.11570631306007
f,90,98.15838123298961,91,5.004000394470687
e,85,8.850884647281676,76,66.76033133036968
n,72,44.56817313906799,60,85.71738395023712
q,82,31.846460856659277,30,84.58945594499289
g,47,51.06369279026419,9,64.21077968819807
v,91,78.544218774799,29,80.19770216526558
c,80,36.257972455680346,20,60.05998979043527
j,90,20.908187550158075,4,30.616733794595675
k,42,16.611937498931017,99,16.878203297943305
f,42,80.78963246639655,51,19.780281588929462
d,92,86.7578105929241,6,1.359102355583064
f,87,23.939587100437187,79,35.59426052579398
d,20,95.43801490120077,66,17.712670182425228
n,85,98.66146594699315,76,63.293008865155066
w,90,9.22609595526075,49,24.225946922100448
x,99,97.43752246096422,77,68.37849402298177
u,57,48.268226051846774,10,53.62637977100957
x,70,19.115842889336875,90,72.4315765484702
z,83,18.663369275936546,70,18.156182920969677
r,53,6.852557381306457,57,38.0276644187863
d,2,33.41913254107516,27,84.58759193956064
d,99,89.8616607134776,28,24.857907021385607
t,80,21.436369650533383,85,31.561209801754952
f,79,2.6546894376804797,15,17.33295395055685
q,34,75.73093553033952,11,28.84729777756021
a,84,89.98598326183557,16,86.02571429227504
y,71,99.5503767875298,23,11.88256473118715
c,67,48.50332429112905,42,94.68481725945152
g,60,92.2257561919556,42,25.21193258945513
k,60,63.36186231400569,38,6.776575015358855
s,43,25.67103934753755,66,88.17768202282423
n,51,54.96970650195715,50,61.3405120095436
c,27,40.582290804080856,30,58.23630645819245
b,31,52.021819054476545,35,87.50998582148026
i,63,58.55384704098285,43,93.94840670778096
v,45,38.64020013946299,86,47.30872072765438
c,80,4.006448496972648,10,94.34131483674592
p,20,4.4647193049521245,5,94.89883568847675
e,6,92.22873203566742,85,74.06023345194527
c,45,29.517207923999887,18,63.26053035328025
j,13,69.75504937069454,38,83.42878770074105
x,63,75.49922852366836,4,54.52181565673689
v,14,90.48812236704562,11,46.5128014473613
q,50,28.550626096293318,88,16.498260448380485
f,51,36.78258560173483,40,93.92141131658313
y,68,35.11395173183453,37,1.9632594497863587
u,89,67.65929543245464,39,70.76978140525073
b,23,21.25660552033699,71,3.2792196587164257
n,6,22.348884337061637,90,20.970817716277413
c,72,52.36251350324383,65,90.56166873367823
o,91,83.91945261801526,9,71.36324023327624
x,27,72.57737712476444,50,46.04801568056974
q,21,67.31995191057466,62,62.38819810376089
a,65,63.163205764221885,33,96.07053769445517
r,90,59.89730586531148,79,2.659120867752851
s,5,99.48619785468448,30,8.705302682951189
q,86,39.254109428002906,49,91.0711142771154
r,38,12.755624810883436,41,67.73754982099017
i,13,85.13015855861656,69,10.290461911128656
i,22,43.952251377455234,38,50.04487659160358
m,31,52.329308718583455,8,91.1257995778802
o,13,68.60056741351958,60,0.46281483621710695
e,51,33.8080467297853,84,29.54454257705612
q,14,15.25675094970479,26,51.70720045694031
d,24,0.3662965185756595,61,60.94088184311279
u,13,44.87535118859596,79,28.012895998795784
o,2,1.7123406966144783,54,10.950568453237498
q,81,98.10654106375186,17,42.96642006169533
k,46,49.123830219375165,46,14.251345543871007
a,93,34.13729280763322,10,85.78847490608233
s,8,11.048338346858888,63,46.895165696494836
a,72,82.45867843227232,66,71.14838529943832
w,10,80.2317266207753,61,79.63699488262037
r,38,70.39405187351767,23,18.496616061885472
e,96,56.135183948244396,38,31.336346269631854
s,37,81.23499384691067,5,96.46955491074145
m,98,28.199881865822938,41,55.36299678803799
t,68,39.71003764251206,35,60.88176806534113
m,6,63.38805809675495,85,52.005650424158844
m,12,28.879235417884107,16,85.88560309287581
y,37,39.05871921599381,34,25.69685474202594
p,78,70.53974938107716,71,78.62394006538183
s,100,63.82257846276326,6,3.7806723842751078
i,61,42.28071132959226,9,78.91752416924852
n,1,7.578092491596344,37,98.6839259765547
f,46,20.891097468074683,67,34.131916152891314
c,71,87.15163144425844,71,5.369379329334101
g,46,13.991113627961681,69,92.51874318537685
a,71,35.07378392052526,82,78.47360574023334
m,72,86.6766461836202,100,92.57365750553144
b,4,45.83765694588027,32,40.862385847872176
h,34,23.880503937893373,82,65.00328630894818
n,84,6.1439457095242345,16,43.894936651440666
u,98,49.56402419122351,9,19.593591033892388
s,33,41.54865533996759,77,36.42402447081145
h,13,46.506439256177146,23,88.28307410563635
q,25,73.60092440933745,42,46.98573039527075
x,48,24.54243175985127,31,79.98942729290742
j,66,98.57889860535707,1,86.44110890700635
i,64,46.26497876485678,3,22.391006826103734
m,75,16.264156719048618,81,36.56002481609472
i,56,33.04254954362727,79,54.36424107083027
x,82,6.240578483628745,97,96.86877473258541
e,54,67.6490731048645,70,80.89061914697186
o,23,44.855588086239585,45,74.23495461395326
f,44,49.66214618157853,47,35.687698904664224
z,61,80.04117951648277,17,87.41162265759111
f,17,28.507516614865956,83,42.31297777913506
w,75,54.24070848015693,55,48.72829621805469
i,96,48.264803550686885,87,61.91792596144001
y,47,6.63818617009092,76,78.53096767301241
i,53,5.312421884534013,91,29.10314785949334
t,95,65.06554925833854,6,60.676279882985526
u,12,78.19199234604206,50,8.763113251188305
b,70,10.922876962561645,76,49.90271855357318
z,57,47.22254798304647,41,56.34425480673655
b,3,62.368532950969716,40,18.22856953990416
c,92,26.93381719563156,66,39.19880733431731
a,22,60.72972989979365,38,20.54891316351528
q,48,51.42999283406093,86,13.975248458149448
x,12,28.855203666224284,48,70.9884279591898
d,15,64.02299357556804,94,1.916260195610875
m,29,54.925920945557706,95,8.346155568956526
n,44,32.15905587296209,31,85.82498019948956
e,18,4.016790340541454,40,59.06937250159877
r,72,22.182704100159402,53,37.40238804994712
g,61,85.19549717148553,39,45.841553339622344
x,92,69.71317443003636,10,42.132604426205276
t,37,1.0179724607194518,56,75.85829218812876
h,28,75.24006013271502,53,52.53087770097179
s,86,31.326302752871293,75,57.32642541883839
j,28,98.73849825804402,91,43.48869413648008
r,50,87.93614479033388,78,92.62547435501122
u,93,91.75017644483357,66,23.10225147769809
r,55,56.16799228737608,40,99.93913350704632
q,66,84.59824932480143,11,83.45500081248326
m,25,12.33282839469595,53,73.42486934368094
y,71,31.242811614663268,74,52.163001362956365
c,18,23.47295844224323,59,8.85726056887599
g,46,64.39123584396127,40,56.533831190785186
e,20,1.1967340369248847,49,97.93812272189672
u,76,33.782497434132644,8,12.190972473104688
x,40,62.219021693730646,96,25.208987262249515
o,71,14.047012197171094,10,21.279842796615732
d,24,51.138874041478196,94,13.56688659690044
d,2,3.18493258226088,56,96.49541865664752
b,48,71.78522814190252,86,63.8397962254507
l,47,45.56287968309506,13,44.5630466840003
y,51,99.51542876151832,93,34.536258614920776
k,76,19.417476858017736,19,64.65917208014045
o,81,35.20786816410835,8,83.20847448337283
i,61,80.35052522335441,36,76.99637529320438
q,18,64.8064005838164,40,18.915780859083895
o,51,73.7571333264539,74,72.8167326487417
u,58,85.38882523159891,9,94.27064047845398
k,44,43.851433321503364,78,95.20012779359566
d,92,45.85184547707464,58,9.81529807686885
v,15,20.33105052623473,38,41.204414183021896
f,23,14.296397534079752,71,76.69654974834081
x,66,95.99957393402072,53,85.6902980461529
e,68,60.344365390153555,32,34.7869970029889
g,85,41.24059663310802,91,64.57581501742993
r,10,78.63958539034677,65,36.57618533411867
v,85,62.711749030198746,51,31.380580381812972
u,75,34.973136225638534,77,96.4289055932848
e,98,62.83276175540461,31,34.055358597453434
e,59,62.50679320471727,71,26.868615615807922
k,29,47.86256784776801,83,15.70325590077113
k,95,18.956406126794068,44,63.00982561459922
a,44,9.153721393362025,90,81.93449249024964
u,34,64.15381181846807,60,32.56150002728126
a,72,87.76944727013736,0,16.577688624177444
o,32,87.91979945166743,20,43.56027187519129
y,35,29.829416783268282,4,43.72434589910551
l,7,62.186996674109075,6,71.65512320205029
u,65,80.30342892940972,39,18.405612412612836
x,12,78.71627801161424,61,10.155397723005144
z,38,86.98189270048618,56,32.48859202454586
x,91,4.7150643113815,79,90.47507174839117
f,66,40.64416812727195,11,75.60161115457043
h,25,11.377112855795756,57,4.778602847205793
m,78,87.50758166845631,6,74.38933538457945
w,43,13.220721753151976,32,19.190246693711664
s,99,97.04584922621315,69,78.16663040498705
o,1,47.145939665732385,59,84.1790282654913
p,86,38.55766240404116,54,17.09737039840007
u,58,29.503750173957922,93,82.47382843655737
g,42,27.382573445470328,26,80.02571598249708
s,29,34.57168823746076,23,36.67968797659634
b,94,28.815417023492053,32,8.743656830934277
d,29,26.62380524478676,22,91.84488077393613
g,49,47.27067212943761,75,77.30675161766985
e,50,74.33917502598833,24,36.346677620299104
j,22,40.378451882857114,32,98.0071617099891
o,97,65.37599356606023,2,40.56337297409317
e,39,86.85172491209072,72,74.4114050709005
k,83,36.463549125053184,29,15.491511919817146
l,15,40.73243070737933,91,95.27302305319034
k,95,73.71096701171646,7,15.419560271872212
w,79,6.5680687558324795,53,54.85269744500151
n,94,24.617396574880445,28,71.69322720190914
b,94,38.42902042206161,42,67.14823142751693
e,74,26.286271993908894,8,63.894197814715625
t,37,6.197685865419189,2,97.46383155816532
i,46,97.45521805280265,68,4.255327457581226
y,68,11.730208518859941,89,38.751623688278954
a,17,31.89358464439693,54,20.678871974579494
m,87,84.81704285901867,5,30.48450581666402
i,43,34.45834702783357,100,40.490337273777385
y,99,68.28433678251484,99,15.485242454738835
o,77,64.54419104068344,54,8.833860141875405
s,56,44.22351855996094,56,91.7227912821556
h,19,50.32950090090087,57,3.399094653884205
p,95,38.4857341518272,61,55.63796718392492
c,18,51.7562763136596,55,46.66375748215981
g,72,42.112933989007196,3,22.810660449379093
f,96,22.798643279329134,51,21.889982119450636
a,82,86.57441720419538,100,47.725786327241536
l,97,55.273820678599314,94,78.47004628314316
a,22,2.191812928699599,75,89.6689447707891
u,94,66.59705645184592,88,90.66668201205711
q,79,33.920416328054934,65,77.83311684388863
g,83,73.51014744366631,69,56.63502653262117
e,33,31.696362321004656,14,74.92004443372495
o,1,43.199399013006534,64,55.90993010170895
t,50,86.16760356908982,96,47.493528489426176
l,40,12.428548910441528,66,69.020975691435
n,39,52.80991361601583,67,38.20105790916089
a,51,5.5721831447244075,23,62.05152440084735
i,18,20.46395009200015,20,74.80302337608823
g,100,24.182148554039607,59,50.656458581419386
g,72,15.18405435522986,20,66.99417275290726
p,11,37.229971242491935,29,73.94671463238556
b,56,34.47400323064828,23,17.070798929935183
y,89,21.021581162484104,97,0.8861097887148395
u,64,28.644463997802628,60,88.25484301471768
a,43,35.586938833428924,62,97.08581938672411
u,25,50.05228309248964,37,64.10472043860365
k,53,93.56996246484319,20,35.811792290442476
r,17,74.06594569964034,8,27.006115169931498
i,78,18.248600029151252,49,73.06403977583396
y,5,47.11442131506595,82,28.997209669287273
e,56,51.240709062844005,12,75.84289318568352
x,11,7.14291736135646,56,6.761789761124559
f,16,34.06791856843297,90,10.790194561363109
p,35,29.98455903056474,97,83.18221155211577
k,96,74.76465607519872,9,2.860563574653263
s,47,37.67021166142768,55,17.09223532798323
z,13,62.12548629069157,93,7.387051210263584
e,96,38.33688945037137,4,56.78357747017465
w,20,53.03444790656107,70,33.89295994892188
o,26,30.808854893193384,65,58.88453041227876
z,83,47.430319574434954,5,48.209520609844425
u,9,86.37632481202431,84,11.3926575841665
l,37,15.58165614086031,81,47.367281620799986
s,49,85.2625568025967,73,4.754281086791645
l,95,21.925812612601014,14,91.3053341786709
z,24,28.328332554713796,43,42.93918045973236
n,47,45.474842767639586,35,12.180865827961362
d,23,0.8195444142348296,76,3.386711411164678
l,74,12.6601484257842,74,98.07500106438022
d,56,56.53660089274004,12,98.59660099316406
y,74,68.01820355615801,44,58.28495995709994
y,49,41.997010468868076,60,92.60202099123124
e,21,87.93336384245339,24,16.081103213740622
p,61,36.04081803267412,95,98.19536108027995
j,74,47.79108266597084,25,40.26427100263763
x,97,77.60954609463235,99,82.41910028714486
a,99,3.3282492611201198,88,68.51804720585397
o,31,91.32711260153813,98,44.23017243761988
u,30,17.84768961676979,58,66.6522177034359
l,87,31.549588564650712,90,26.52460716089945
w,5,40.94379423247687,9,59.564037946193096
d,68,20.05566034671171,43,93.21435742216772
p,37,3.3852965830771353,26,98.39191121488197
v,42,26.798917837029755,41,53.197714085753155
m,82,24.379637659292374,11,39.74444574743556
m,34,68.87992181456909,12,12.596323083100181
x,23,55.0834336052618,21,55.767144330849604
g,19,77.64809926608783,85,12.440446332443045
a,99,73.24251534951416,29,75.25033576761022
q,21,23.843488057153827,20,44.73136225357344
t,53,9.413275703297197,31,34.83878905264931
r,27,43.71045201103224,11,95.55856793100747
e,87,67.65021856049901,75,6.644610425332997
j,10,37.88097651318741,89,6.042527447855372
d,48,72.74144872901205,100,18.385266415692282
g,63,24.736495852225904,10,23.370079600364868
k,51,87.09683867042664,90,7.584991386007234
y,13,97.45680136658589,74,20.80146619602301
x,100,83.27462245532038,39,56.438607202867594
e,4,56.09992316879923,9,64.78873414198499
c,69,50.79581375092101,56,9.735784675840486
n,44,35.41679730891265,80,68.08147431624823
z,25,92.48256633196029,56,43.64616866467645
j,99,70.30729046108908,50,60.182899381932366
q,96,79.30563998449925,45,40.96584870001138
p,41,3.9740065629324417,12,81.09311836413549
h,9,57.00056097130622,8,73.7829325183717
m,99,97.4502439537536,38,73.48855599755076
p,97,68.70186979839478,65,86.29672719174708
a,12,27.868065708345203,94,40.1632244110829
i,84,2.969490036947464,33,77.05555493737505
g,14,59.56183883984464,79,86.4932175952478
n,0,96.51497301871824,74,98.17924998983315
x,4,91.12578630865254,9,29.803757231211314
u,76,82.69249280020946,63,37.34296959883427
h,95,18.385802431284894,26,10.022495732755354
c,84,80.00142665661686,94,95.93397367270448
r,39,30.057162893009348,24,26.185691795891376
p,48,45.35468193203058,34,3.619150720885178
d,83,95.04623233748718,16,7.253443504810142
m,33,63.94767582904662,48,46.52743133479424
a,32,55.228949390446914,71,83.11159673970495
e,16,83.69506495498784,75,13.347731348133053
q,34,63.859048575322085,14,48.88288701242948
y,62,11.838798288232688,33,9.559593023565128
i,43,21.15316983358464,85,52.873491896197024
p,94,86.90769907709672,45,82.85079148314148
s,15,70.8507933246153,16,76.15165280557092
k,23,67.80848054832997,48,62.531713598102456
v,17,58.572695775675435,11,96.1634837577721
j,0,23.290734492687392,95,3.4535883283170032
l,32,9.929062071841921,0,69.53590488005823
y,77,89.73057562516502,45,37.11309019882818
n,7,74.90819339127808,21,32.31931911171999
e,49,9.430209205089735,90,15.941149704744895
o,17,4.6997700359891486,43,98.54579573053576
s,34,28.42532936750295,89,31.397303994027205
n,62,63.6036781004762,8,12.538957872087597
g,57,68.92211187768079,4,7.976614418292193
k,7,82.12253180691549,89,97.12315051324511
b,65,29.257711967391653,72,83.13665796028265
r,61,37.96118727341038,6,85.30843036646066
h,45,57.09019394642506,45,99.54734862513605
n,2,39.59190974648082,100,97.6120764201775
m,23,14.205541625594654,21,87.00104324439933
k,81,46.86750044658689,47,1.1590318263933197
s,100,70.30531618515037,21,49.63899216092887
s,80,48.820284639090715,58,53.173770778663354
t,7,9.290577021195789,88,50.5365614511877
o,7,84.11759825214851,16,31.447735201828653
g,5,41.96656967460102,47,41.154571471672696
i,12,18.75294552339245,3,46.087557550094516
y,8,5.809002520567619,39,69.29650994281819
w,43,44.45909979891448,33,39.106111642551376
r,66,68.51913435870398,99,61.437078516193964
z,49,66.89446615825256,29,15.375957894513348
z,42,46.154461004968624,88,15.582465128865653
i,15,94.27258553982489,2,36.30564254411978
z,17,38.55747006136204,91,88.03851702455057
k,36,62.89207835919308,71,56.304857893801184
c,87,5.593256161408466,92,75.94194662648833
v,87,62.805299940625936,60,59.39142091827117
j,55,94.91589090793192,22,86.3175328825013
k,0,48.314605658040776,36,88.58711180789408
h,29,90.82105630623771,86,49.73718866229385
s,54,10.577022293090799,1,92.52597248118299
a,85,21.1707701030845,57,98.39484154234218
j,39,9.207023376253588,30,67.68828757107592
m,12,56.63032917888751,8,88.22635262911311
b,47,63.996684278587146,26,7.41845215772774
b,32,18.037943390992815,77,67.58558305476316
u,20,10.236895631220255,34,3.8172538664533295
s,17,8.790826867098367,22,61.18415229165181
x,19,59.729970498506354,72,38.01527252191015
s,80,72.02752959367061,32,62.65567227077277
l,11,69.89003608047469,8,64.52982166098079
v,46,5.571887054289815,79,93.08647380225536
b,15,97.34331792652196,19,72.68444798655575
x,58,22.61896067335306,5,81.87687224286896
n,6,77.54406167484989,69,89.66776677961072
v,18,48.4441628192676,92,12.014551187946266
g,94,84.41441013963413,52,78.38981167466845
k,93,90.56253823463096,87,28.977989072309718
g,13,57.70514926070543,86,33.01947254274352
z,10,62.900911248089876,47,64.61076805917342
q,31,47.21240576508284,30,6.046232137299845
j,33,4.993594969530979,8,19.770035247464513
u,25,91.2331643527898,88,99.74664234146202
v,39,25.514722355202345,22,58.23121623416604
z,92,74.78553470060513,73,43.14829161564595
w,63,13.594673966946258,69,36.788090467382325
b,82,13.22419972021136,51,54.393323385875235
o,25,89.58309030009238,12,17.203490649821706
z,6,78.07822894229434,19,65.16702180717198
h,46,76.5898098251059,79,82.91599651888538
f,59,87.10010989765787,6,76.37527348667759
k,8,91.93525749915385,38,54.31447215970554
d,11,10.908345588995761,100,11.124646076675726
x,14,80.3889164380321,48,60.446596806302786
y,64,25.316299434171206,42,95.32619505335683
c,9,12.610449356648468,43,63.98212506218155
a,60,68.2368282107023,71,52.30527345668944
s,73,60.1490824071976,23,41.07760540884078
h,72,66.98054617093572,81,43.5499622310128
n,3,74.10364166675055,51,58.621513329568764
z,8,75.31186210996344,14,5.42631097943117
d,47,3.5517743164553472,95,53.13082377833038
e,92,94.51629618921153,43,13.203523273117856
v,34,16.836299102495634,8,6.396211956611875
r,28,51.84815306350051,91,13.635803084901067
w,97,38.79819181318912,22,46.20469741098838
m,4,54.24904909852156,87,18.72003666171933
e,83,61.403314802373586,12,78.21080281257625
v,34,42.61537390414293,9,52.407337234763155
e,36,51.89449800210557,18,43.735220760674984
t,54,86.42533063744186,18,62.43776776904474
t,14,36.17458964556042,89,72.15236175844089
d,100,77.58356261644454,1,89.3399728762905
j,7,53.127693661567356,62,53.88224790361039
k,1,20.75491792070141,99,7.923558637944406
v,0,64.10198922110347,13,74.58531859260572
o,32,4.243236439921027,1,19.180647989258937
m,0,74.42087792114978,4,90.59327600834926
e,68,80.18964970387236,54,44.38981623832866
t,79,69.12257785165815,41,60.96588053748625
v,91,61.34003171268093,21,52.83429189759957
r,55,51.652581213481064,74,96.38841051680254
p,96,90.12561458719216,87,65.29280044791498
x,51,31.572149568580077,60,77.25455685574124
d,27,48.89071615131727,25,91.01226955868339
k,54,18.681411370103675,36,53.9558271780176
a,100,78.21827400633316,29,66.83602619370336
x,57,70.51956830451294,52,51.21208944778453
u,24,43.59875982340906,59,17.207975696726418
g,36,41.006483490445575,10,71.05931107305888
n,58,72.52144962427336,9,65.45765926317034
n,48,29.53368975048284,57,76.32311356692414
q,34,41.5711273104851,70,52.29372870596042
u,6,62.27673813594523,47,51.05965885322992
w,65,77.0472845848864,91,22.376036279709144
b,37,58.27846736673838,39,92.68075953442113
m,16,93.91056975676636,96,88.38614273668448
c,63,89.57024752003497,82,1.872552541728667
v,86,99.28989373669937,98,9.779621292963437
w,7,57.71693117053959,95,8.087418244498535
p,70,41.769424081793396,56,3.6563293783129724
d,71,59.72882806304861,53,73.11614392443461
c,68,58.327649292293096,99,76.94210733617487
g,25,63.706344698111174,3,87.6892400352105
k,84,82.64767888371863,4,62.7558614989049
e,14,3.4874991153562407,10,7.183299642094476
d,90,7.867317760975379,98,52.52296668293878
k,33,23.681711463384058,75,30.572637634606426
w,71,54.403707273732934,18,5.348233326626528
d,13,8.344150195209565,92,87.89894187423734
a,85,68.60862183993004,37,50.1003242404354
a,8,38.90974452899564,85,90.94221373105992
x,11,58.46392181288797,26,11.859954447890797
d,63,19.81191563701613,42,23.925764144916283
v,38,69.9277269577682,26,70.75366597482616
x,21,35.568204179048045,6,37.390624910065476
p,15,8.118441057692927,91,18.780954983515198
g,12,96.49315393391679,27,51.02051767980611
e,26,85.63812404952635,93,10.36008840283209
v,77,23.424291844203427,78,44.3342344138155
f,94,82.30383423137144,88,30.017519051083998
l,88,27.92382789700525,80,41.02331406626282
g,85,1.5567536055302589,60,30.724966967424784
t,77,78.19032135735945,49,53.573263175946884
w,37,32.26641612043587,89,93.8273311088868
q,98,12.306254715365439,60,91.57234279543682
j,99,54.74073122641578,96,7.665515692619285
j,20,19.097537648141483,63,9.319844083522
n,97,29.5667092692636,70,95.08076318485679
q,22,29.9948110399749,61,9.448387199886355
g,81,38.825692721990045,10,43.09129254366502
m,61,7.9820044200646585,77,44.68601262636638
w,44,46.73515658757712,100,10.16525791437286
t,16,34.9042305974926,87,11.101338403114958
x,24,93.12536393417605,67,35.09999177435592
j,23,77.46687305822532,27,71.83399064805579
k,50,88.40960677007935,17,69.81038476233702
j,36,47.357585761426144,43,89.40658669260509
s,55,0.4420448365373475,2,72.90845231814731
v,68,63.743148365602934,53,33.14149270378951
o,100,88.97251544675458,29,34.4614821803105
p,14,78.24063058622023,57,91.60665490869074
e,67,93.69420440743467,29,61.8518618025915
u,59,42.88000151785173,25,62.4321722283418
c,27,78.4890630046866,35,58.41095997025674
n,21,10.87589011966179,31,9.048810349032522
f,85,64.05675850511105,46,13.68783337867825
g,81,52.98273581982873,19,76.92265791086635
j,21,44.83054417969905,66,14.215434265893634
s,78,72.90262059026519,2,35.47485958931959
j,11,27.57671180198864,53,84.74977600634408
j,57,26.21575992669444,56,90.81632733830871
s,29,67.74657359605771,15,85.90525734145143
j,75,20.658873174433822,26,86.99758903785322
b,35,18.420028658317257,51,54.904908870062364
m,4,25.439923702410194,17,21.98663913599165
b,41,74.3204943726968,38,73.34433499357995
h,0,74.825886479062,29,38.46779721727213
v,54,46.63237298750465,51,0.9243649038006452
o,76,46.10333199528962,44,71.82503986584177
d,41,66.85914092252956,76,57.33206265270565
t,45,0.36813571402688483,76,28.824983042468567
a,59,31.43313644682122,24,72.72318025831275
r,4,37.781148114347396,22,18.64244639897522
h,31,11.092682739813275,51,85.21009239073877
r,31,6.33467574607095,83,62.216783711936884
w,24,28.98622233950402,45,46.25798099209221
m,43,18.795265892591463,16,43.08157665032869
n,85,68.18811087430527,92,19.035456408825635
t,98,76.79585385633337,73,54.23068422656038
b,90,27.04394694878146,46,40.77456723296008
q,94,3.5121153466596833,93,13.56748253082637
c,58,58.42572791602153,68,14.454078430311856
u,42,65.52984740935233,40,35.60668552332247
e,25,7.702729979738243,89,45.21845360601948
q,45,70.27331360824687,10,54.71108455183472
z,8,53.310331989411964,6,8.387676090885476
h,10,54.793829125067596,85,32.08954929419339
c,42,58.29218094063858,15,43.51678684124543
b,33,75.31538553852187,35,47.570711072409445
a,24,97.05782205885717,6,70.13319220135581
l,21,96.9710539434416,45,51.16952760735194
t,82,86.4899744171142,25,45.99988530068111
k,46,65.5182110381428,31,6.452909624423587
r,20,13.476436364522081,46,77.55944123934651
o,89,8.087029142103198,39,4.588953561932774
i,41,90.90834887293792,85,93.81986770993493
y,26,85.71242057449027,64,61.97622909688957
m,12,27.661098144314643,52,92.30455389936127
l,51,80.45161391343669,49,56.96377958565717
j,42,22.991110337647513,89,15.426423778369902
i,12,71.6103962629853,19,42.73022261511008
h,94,91.2712285333188,38,66.44666264262767
i,15,44.42747982678572,8,72.78494567210775
f,71,88.66571705757819,70,68.84353088880476
m,10,49.35085732859338,68,56.4808782726971
b,89,34.52096734774728,17,96.47756193052584
t,15,28.304317593392035,64,37.034393980882015
b,37,45.224364281596976,49,13.781588631538789
a,14,40.40430412939695,61,17.02147109958172
x,1,66.94328112611142,86,64.92496282283177
r,90,86.56322726538107,73,88.55296940089235
v,44,82.15927584356625,21,24.384956501586473
u,16,88.47532095024742,44,73.55500002210084
r,53,89.6214153610479,10,2.6363369743056086
l,38,13.760120569774115,73,9.592756158855288
f,100,94.33655012110323,72,51.10765823871948
d,48,13.236452036479317,99,44.26488168157171
q,51,51.4069182196789,67,97.79873077974719
w,34,60.447296941435724,4,68.07166927010087
w,46,94.00164656837713,62,63.85645183448033
o,53,44.35192321989941,30,80.16629292504534
t,7,14.845440393138698,54,23.569055581794952
a,66,20.9702657422675,23,63.19901200180142
k,85,67.57557011360952,58,3.0782860454666605
z,37,69.29854287074497,36,42.93716653001712
i,41,81.28345252428402,35,65.17456518589749
r,29,77.12008358305194,6,84.58226728346469
e,9,91.68625943026908,9,7.011035763228913
e,82,11.285411398984424,87,49.09590043858525
z,53,19.26430333301622,48,83.98371025320552
d,45,11.570874794922236,40,82.77750870797213
j,29,79.1732013055201,86,46.76273449529196
g,47,0.08155117607759887,15,24.564914365317293
k,26,91.84965221709666,66,49.687118135811524
k,61,28.868796066956502,55,61.461195009866074
b,36,86.93062511682058,42,58.26331894834313
s,8,33.646155762187476,96,17.85065419828703
b,43,43.11288508663862,99,64.01055660322422
q,58,46.981998735072835,34,85.23344936488326
u,18,72.68906949497676,4,31.009825996363183
u,85,78.34381728938313,15,61.99304638293863
u,37,68.53792789541468,85,70.66801900498247
i,19,7.105364221411903,37,24.02224174159482
o,69,95.51584893763697,53,83.39956963151378
c,96,62.18988022689575,23,17.90989930390343
v,45,8.306947407976573,46,59.64523103373839
c,18,72.69205675852243,7,88.65257717408818
d,99,22.536607783458717,23,39.501434833400026
z,20,47.370041348674164,10,43.91046684276706
v,42,26.551881517310182,95,44.8710706084607
o,13,38.57302248825015,41,32.841651633949944
t,12,97.11845228819847,19,87.30669411104084
m,9,7.5145254191885,39,60.32924370515307
t,66,65.84433333763413,22,24.423398791508788
o,54,36.83956942061608,78,53.380131137629085
a,88,67.1129708117609,4,40.85018313856481
v,60,22.53531238091756,96,8.198236895495992
t,53,19.657878220630863,3,3.230135863788286
v,56,25.463555148434224,84,12.424087583473831
c,99,1.8087145784295156,66,39.708500315345475
t,33,67.81336400488247,73,38.79784049419796
u,27,17.588741182849198,78,14.702890079260023
a,78,67.24051063676495,3,52.165134797187484
i,1,96.58886162659178,34,32.2690562975079
c,41,48.36650873258067,42,40.30156835237986
m,85,76.91217618537773,78,22.591739812132673
r,92,97.47206349676769,87,96.57621623407961
b,41,62.04177527982673,20,7.713410934208397
m,51,56.0267415709236,10,53.23609943206857
d,17,59.35346649615172,52,85.28673730797964
a,75,77.67402695532475,71,82.04518343631268
q,32,24.60648417820106,24,70.09203321613438
g,50,28.169583434588542,72,58.68528661321524
o,72,64.7843137920774,29,69.93064351495255
w,16,24.205527775882796,92,70.77305696075254
q,16,1.9410473931923522,6,94.4031613100137
r,8,52.22497440257007,92,89.11480065386883
i,59,90.28098446495186,13,50.814342205167954
t,13,96.55501814906069,6,73.48060496334259
w,61,45.26244912660893,86,80.5235743161395
y,97,64.21737766722526,60,49.749005454106346
t,90,43.64201389624001,84,3.6351739098290037
n,6,37.72805836676205,75,59.07757583755567
m,51,45.49504508439996,51,52.0365879036596
f,32,85.1599868903267,49,14.486376757750675
m,0,68.75087293620878,18,91.16999416642942
o,33,79.41145663083888,78,96.80692270016023
t,49,27.222620989431647,67,23.992317227829353
y,38,77.7415681126582,47,85.6871718542797
z,0,99.80167617805834,53,67.08270782710537
m,31,50.881342095264756,54,11.77136954310295
j,18,85.83274380547918,91,78.46170195005872
t,68,85.70463482701555,21,58.56399775035172
f,66,46.587396789293386,37,2.5299837861217367
z,82,64.44120295073373,27,72.178912718199
i,83,35.01262088610867,65,43.465104235311614
q,13,92.67529542872953,78,35.45281661854028
c,93,82.0390293500296,86,21.16098522953288
j,76,38.589580918158596,44,64.46314393761192
y,68,28.18287907434143,13,65.75284403096481
u,99,71.78964541062834,16,60.45959385319315
l,18,2.935214990678925,44,48.525623014408914
m,99,42.202109943273044,14,58.46642820331448
j,31,58.20758981092703,79,99.01377039941471
i,15,57.68066931425824,32,10.782676473429742
y,73,84.11295816549804,82,7.812514881749156
n,12,27.096447947212067,22,88.04340816637111
q,30,86.84902107914569,98,50.718668002276054
o,88,12.091253774489042,0,22.04195052196154
g,20,11.260973563283994,79,64.51180210685584
a,31,6.129304496386245,41,0.3144139208823171
o,92,92.82394436277886,97,84.26224941702898
a,27,0.8363346045336617,0,84.61688684740633
a,73,23.92485489709625,67,65.03556877411128
g,64,87.36208609663366,57,61.66762750855509
v,40,93.55916106968122,96,73.83057652009647
o,87,11.989896689362201,76,85.54397191046398
h,1,62.87275290188937,43,70.19127524595615
x,31,65.92602938062805,81,16.808382626489482
r,15,95.44986351446519,81,39.17579531767278
e,17,62.064531582790785,41,39.213433811142586
v,36,10.785116313866594,46,78.83940116558371
d,51,55.833568155898114,2,91.88818475480349
p,29,0.6379843448193756,32,19.383222747713113
m,47,96.43239154597065,13,82.86298905190692
c,2,27.443941345110524,98,58.93963494045719
m,70,80.11232085628868,96,14.503602611969878
k,66,0.4489806079152725,45,67.37255165453465
o,74,60.48441761617824,49,85.98420385567184
j,37,82.18205699083958,99,16.512938850981662
g,63,54.86431308064979,83,62.43830045465606
l,21,50.7370685991394,12,6.880950972393396
a,76,51.46080251243896,70,87.7266316452546
s,66,61.20553140222472,26,67.01580853947245
f,44,47.20488421238706,66,12.527705229331087
l,60,47.20412963237063,29,41.75937205927481
t,78,61.35623254460095,27,19.915315797121657
c,43,30.3070783575254,29,33.11391086721427
y,14,89.31874017993826,4,81.46381320422581
i,87,43.876060421156716,78,45.48373733502795
d,23,39.810195387266035,72,25.195973022658713
e,80,50.89389328406363,93,28.822591705079258
p,43,77.84640172953739,52,42.93969353972473
k,98,63.31547386712598,16,12.48553832562499
t,1,65.17044713342351,61,98.64845837560952
m,41,38.315908980276234,1,91.98527606995712
u,39,20.524513409860802,41,89.46527642684252
j,90,82.51527946318966,65,45.75741578877377
t,17,43.563133751284376,6,39.88869079486604
n,16,94.77910289231684,32,69.34794159731308
x,84,26.610858544630823,41,48.17380620029492
s,66,65.30835732408762,17,43.19237617169266
o,18,41.80787274818947,28,56.51330022651088
u,59,64.81161783571902,97,25.004481146429836
f,66,11.199441918323982,50,61.8435025759706
p,56,29.01757978918703,45,50.526468391798076
s,19,0.5970588221862139,70,52.9051879210713
m,66,77.45479552853202,55,38.08066788719412
s,29,60.79428709108993,71,75.40162674230776
b,99,8.84192160812468,40,59.39455893046268
a,17,95.12731684110355,21,88.54426276485226
o,55,90.75891729216535,66,11.016789067813482
n,22,18.188212945221093,46,26.619716899187218
v,0,38.68777288763968,51,55.67525101210954
l,15,28.400915174342344,57,88.6334488242109
l,99,60.5513366951851,31,99.7586633187373
h,9,34.339183095215354,34,80.76216863233367
y,3,8.84242476204513,20,49.41032178558141
h,31,45.19386364455901,63,39.242603242059225
u,15,83.00117509700011,10,66.59522627599857
e,68,7.4562792140567264,34,31.869353121803513
q,58,50.169959710438306,100,95.7399373469037
y,77,5.116111855818994,47,76.61382694114809
d,11,5.320892283304024,87,55.412336291164145
r,33,8.429181443722056,56,13.387434731925552
r,96,74.25970080332947,23,94.76748841312187
c,46,9.540909235040152,12,54.19990632453116
e,68,13.72395954133161,25,54.17637716678725
b,7,0.24189259483983205,44,60.13527732767074
v,53,89.37034339859127,53,56.2427794444625
n,1,48.94702408390631,100,48.346573987046035
j,94,74.23365000335004,75,80.89340576415908
x,46,37.30092352460916,4,44.626706088839974
a,67,44.061323956996404,80,86.97334843375245
t,96,61.07914947629914,34,15.002685426066375
w,99,93.06938550403584,5,84.86005108955122
j,44,24.80215442514535,65,61.26300648659343
e,91,34.87470947819589,52,81.90030573192887
h,72,7.778559449410649,66,21.727626394954967
s,63,5.700000500805091,13,36.31425178826977
l,44,62.01993594266454,74,37.67370912799731
s,91,20.003540180240687,6,88.48634830315874
x,45,63.93683359814551,87,84.25062757067438
n,14,62.47033466872152,24,18.600210360874613
h,39,66.8980232201451,65,88.49628485894533
p,28,77.31171365896127,15,52.953923329024164
u,66,7.105316491209813,11,62.71102684596757
e,25,98.05545719061466,69,56.32884428623907
a,10,38.75735957942676,76,96.7385652110192
f,4,51.52152127375839,92,73.22440079961788
p,9,42.74566649513098,81,26.667005104769903
f,79,19.13325540700991,59,99.7563253025774
r,82,63.34074386168429,21,12.673622165053267
c,45,96.45426554371156,98,45.53238848740521
q,9,86.7244948223363,22,29.83227468710489
e,57,99.25230689704738,43,15.135998666077267
s,12,55.295313800116794,8,48.80441557868226
d,47,37.35877513948298,26,88.9437983232204
o,72,52.368108720889865,84,82.06259627840336
r,75,44.723399077709104,77,34.430733039123965
g,90,10.895928618446204,96,67.52206128227719
e,99,72.59565753255211,45,1.233422315758037
z,53,75.53929227362374,75,9.50679231212227
q,46,12.69335847626385,9,36.384084045138955
x,68,69.61797541503678,39,15.428381234218557
h,81,96.65591904962912,56,13.40377872007087
n,29,41.33085615403478,89,74.78268592845757
d,31,8.394426503007967,5,10.909385759097267
i,25,44.82009583925879,27,42.474861205781686
v,34,75.4386302330401,68,14.867464404705022
f,58,72.38390683508047,49,39.5632384345168
k,95,29.800602286210008,20,72.44131773355214
q,83,54.58294159323355,49,48.362816147411046
r,37,78.20629293295367,53,77.74749003232151
c,92,13.850730113433606,93,44.31569736742927
f,26,14.053734409508767,94,78.43895537471234
x,11,11.458199429701743,13,24.929967351604965
p,37,57.25939825519648,32,87.54463719822418
i,61,36.550659782244274,22,88.80237227574248
s,73,66.52449757796288,25,67.18452328168468
k,18,99.5794654746759,28,26.623729658859176
q,78,54.657567228480545,73,9.347375064502561
b,74,96.25779728819269,66,23.54757682645753
x,37,36.22846065893089,48,9.01569649149735
a,56,57.303448489681394,96,14.016011038001352
j,2,2.5699286432488977,68,58.98057371471241
v,11,63.10544795113232,11,81.87181088495429
l,31,91.55623612364205,97,7.636996830829523
r,58,12.432591522577175,48,34.55924652554453
b,15,68.65947021545044,77,65.75198087662942
c,35,91.8756701851223,52,17.709856723138806
a,66,33.04967628913573,74,57.98175761819192
c,66,69.35389435843953,79,7.777818871215358
t,67,24.508736752836846,56,8.302135434771962
r,73,88.19761539095269,37,17.66757173504121
c,25,38.66418262497,72,46.67035728621954
f,70,23.01438121760524,57,32.36912583096162
x,30,14.793288517613101,58,44.688366824433054
b,10,10.355332226239112,5,73.32921467046188
i,41,82.25606111610682,92,27.09434661469272
l,5,85.72726959449699,5,20.090537042695168
y,55,0.9920032804958123,46,33.54022549474466
t,83,77.17765615211223,39,14.45052841149047
a,48,69.29909983198894,89,73.88409399009774
h,77,39.53897560432916,86,19.14576711366587
l,0,98.36350824592066,28,15.04532155708641
r,72,45.1883001483844,83,27.786796619719965
b,31,47.45649825234396,13,27.370736505151594
b,12,49.225756627886256,10,20.4631986422526
z,97,73.28749164781165,91,69.93884257550499
x,82,28.217099652750875,74,63.34511521122257
d,75,37.305502546891454,40,42.31920138757722
e,63,47.35278317799355,46,93.55826303965064
b,80,98.20173987068958,45,8.37755158276412
v,16,32.18648146745322,12,12.684081837749272
q,100,87.29197895497254,84,22.034244113645187
v,75,1.348552514496626,54,4.186428971473122
v,85,35.943855958953755,41,9.140166891914204
i,65,51.37938467567914,28,91.29153157316128
c,16,90.49531703847697,77,19.94645277639465
d,39,86.79430464507045,79,59.389842768585495
z,92,36.1613088326268,83,80.46732089456921
u,86,32.233304774422635,35,4.337703257642477
u,54,77.57556506096883,59,40.552733513105736
l,24,91.79526484925292,15,54.46278247761093
s,56,90.73683707588795,22,80.55582997648705
l,31,12.048236206449692,0,86.85320769899242
q,98,17.234445718351065,64,66.62666095341731
q,55,67.13541389534358,91,5.910508315498475
c,4,64.06280564611708,60,62.76430982306857
y,52,33.1468218385251,80,14.946916004714772
a,54,5.792291810186978,25,68.33449625308758
k,91,33.53567457026969,36,91.29902653651423
r,85,1.456079440628666,12,13.690176341198368
m,31,9.47421998832122,67,76.39768522550222
k,32,48.253657823973704,57,40.63699797065497
x,45,4.70164510146226,42,39.04092536938639
w,49,37.023573228822016,92,7.69115934843092
b,3,80.9163800996383,96,75.15426593045733
y,89,18.21418203819506,29,73.40155028036892
r,76,70.85984666993438,42,98.15390625530111
o,20,50.094211082368915,91,49.61080945561092
q,48,18.14024703567143,73,90.70449615785425
u,35,78.24115131086964,21,30.43023563353301
i,74,10.688408399592742,66,78.36155408841393
p,85,87.94683866968862,38,15.269746120615713
k,29,10.6958916296782,34,32.390683531736755
t,94,21.827979973879728,10,80.51686633875515
z,62,37.110686220501165,67,56.44140548052826
e,35,52.841732796232876,98,79.69044870943578
f,70,15.752744395964646,47,23.950376692731222
m,7,13.711542200096938,36,53.3674944503712
t,77,89.81427847733386,41,26.32028867676306
s,67,52.86897200304119,79,93.05376378352489
y,85,72.60870444941655,84,34.25860962474723
r,2,95.0137528500436,90,88.97159074183847
k,83,16.58926922715793,94,99.92796603368751
e,97,22.068104966668344,100,34.20998948941478
j,10,85.05780951588706,29,28.095083593765057
u,18,75.6742877138166,43,31.4706590515347
d,57,16.424748351761288,12,47.15705653216011
y,76,93.19741002122366,48,70.72788516114295
o,45,44.22348693698931,80,85.9235742674577
e,42,44.37364349462566,4,60.58063031530359
z,35,74.17655325802997,96,22.733626623134107
z,67,44.360353790258465,29,12.296544301053046
d,62,65.29353614696134,56,3.4602787767342047
m,30,56.70754019930055,36,82.72000306295591
h,52,66.98229687991302,83,62.93233942748925
p,21,52.413206648687414,90,78.9872897095513
k,81,90.05779336042905,9,0.857663938157216
f,9,41.44144159614217,16,65.67290040718581
k,8,24.10831689458459,19,61.060553483164846
k,23,5.896714556845262,1,93.75931925119585
d,58,48.37736393233424,63,85.27334107639065
u,3,79.0202365681175,21,71.61647831041886
t,14,34.703021281917565,73,63.27903360849816
t,86,2.0931727848486514,81,80.40903099855278
v,5,97.71443023633132,19,96.17160482153423
o,87,27.756551746307423,96,91.63274173506127
r,0,22.28181947916922,94,1.4026457772735812
s,4,97.669525797751,89,37.54823161193798
p,19,4.102791310549348,62,27.38528905467187
y,92,59.27794414665504,98,46.98391577579384
o,87,53.54642158082967,8,14.219942878247183
d,51,25.014970351956833,32,74.45389630096264
x,85,60.55760198328469,62,15.33850446041425
a,62,59.850158771032206,87,15.309225887357591
o,4,97.42431822060472,35,98.35777338387769
o,2,65.75692219788328,66,58.75722361925567
n,80,35.68999748033031,65,32.81914693561233
i,99,85.21998327812695,27,70.01944411396154
f,5,42.65044483233715,18,75.8267504381643
a,3,92.45246773889536,52,21.18049412223465
b,4,1.8723600335537882,68,46.495090710319346
p,99,9.808756059240565,93,93.40865386996569
z,43,11.660823593926173,49,61.57391448828571
j,23,13.390711795955513,34,27.09725470536283
p,73,30.58525802956229,25,29.711751323035784
b,76,50.91633429365137,62,84.51843609331566
q,98,40.61182051680363,73,20.431737291332663
r,25,98.48360435650754,23,72.2627396716342
r,61,47.28193497993788,95,49.87023299127716
q,32,87.45789762567978,1,22.32335420356225
d,85,75.39624126751895,84,55.34648220645293
k,5,71.03842724152781,96,74.22933244305908
y,88,90.13863829198245,7,90.1722996938431
w,6,45.00684831644567,89,75.58802380360326
y,67,45.103116646111,35,95.91096669874108
d,4,64.96978833328795,20,70.9803461801372
l,46,46.621437466438955,44,14.007240397415266
q,11,65.58671769363255,25,30.943456380496816
a,38,41.9126659216183,3,91.24933963800993
x,48,72.02000844914794,81,11.269081282434357
b,24,82.41567967786598,8,25.039282484001447
l,11,59.407073357202876,9,7.367094973179277
g,87,8.19456701108484,18,55.502501264187245
i,64,52.24193633004654,31,25.765689328059725
k,83,1.0334746608405943,26,65.53626396654406
d,88,98.23671013115414,63,3.2904270650006118
t,16,19.848213067269892,3,37.80406266434889
k,62,46.27881276457484,65,37.5004362442391
a,31,40.307926493997584,41,40.157144249940146
g,55,45.890283373976416,33,36.61826565090198
f,58,58.22343209586182,87,58.22176732582069
v,50,54.1628383635844,69,60.35191950506692
d,65,5.11034524705437,83,38.67818333911115
y,14,1.0176681924354614,58,82.06087441878938
q,16,73.7633877223324,1,34.74675483114296
f,61,18.265595341045692,32,76.2498093991152
q,19,25.46855733654353,49,76.20691186337068
x,49,90.30675183343115,22,48.46956932298695
d,97,79.83983346676985,54,54.82707288571119
t,89,50.02632237973042,16,84.556357099281
w,2,8.067120820671114,33,45.28842965111464
m,48,3.5058547457369804,4,95.36446580112279
g,1,18.433988786707978,55,21.161052091478737
h,17,3.930263785800736,89,96.57483637394643
t,25,53.27680287201717,87,62.78222787538804
l,27,96.44592055054123,32,98.71155029347395
o,79,63.81073843067514,38,36.96274076678111
o,59,6.548652306371272,22,74.07648458781954
o,63,71.79673582830789,24,40.857463775033274
j,20,58.74779370661314,88,14.54877007342037
z,5,58.40722419631755,90,82.90692630581393
a,60,92.10631436804564,33,80.46502351462436
n,41,89.15741308715126,49,73.97051960795034
v,15,64.85271435481363,76,14.760534600455365
d,32,89.29334889867306,11,83.5248416590779
n,92,72.06802748131118,32,23.217891195241535
d,59,13.054092666037054,37,47.15375358276793
y,4,17.528326002479833,2,84.21337604779107
i,58,37.3445184806757,97,28.149387593581455
p,49,0.6656522115830454,65,85.74715448110697
b,30,57.618813038322955,9,83.70221997906737
i,70,91.89108047316377,77,63.7850058645861
b,30,41.99886077736953,4,95.99533338338688
z,20,29.12486952448915,22,74.97784374670124
w,20,41.44933492046244,54,68.66984839104171
r,53,90.5143518458527,74,61.83803815511556
p,44,74.30186168943055,94,69.78605223468962
e,50,93.803313709012,56,82.0570530788314
t,16,11.058882929909142,20,11.928023802205278
v,71,17.846568030439258,74,93.60294309187151
o,86,18.25993697005267,17,16.064980032245046
o,24,0.5668477886608403,14,92.89180838612914
l,93,57.701405390233006,44,31.99516599859291
g,13,89.01107821285444,25,33.63297868908314
m,6,59.708013716149196,23,54.38386769591778
k,35,21.188917615237912,11,35.90184729787745
g,78,40.88589633829921,48,26.842972179936186
t,71,9.523604266244789,31,11.30937559430648
q,86,11.7100762991189,15,89.78048406973971
r,33,27.736390313444726,98,77.9483775959577
l,52,50.519809138599705,41,11.874193994031234
r,9,30.854552975080153,79,82.03603830321336
g,88,23.12611396370381,47,32.810403682248335
m,14,98.52454056174781,32,78.32466473011621
r,83,61.07935740675382,12,54.34879171870318
h,47,61.10562561084903,60,91.43779985263235
v,71,66.7183017355771,45,59.63548778729933
l,52,42.6185501161505,51,0.26928485082263753
m,97,77.03691532021686,94,31.081392618812075
u,100,65.88475129821495,32,21.15448759187202
g,7,97.02233126382204,61,70.36906163568194
o,2,19.616855877408213,18,46.07457543595213
j,54,11.167827151858312,39,62.48849115122691
u,67,29.794567917490788,32,48.6799395408869
p,0,9.181467737013271,86,90.9520300912255
i,3,47.473589327954315,27,26.057700189475486
k,16,41.84410479488021,9,95.82562136011225
z,47,33.3062615275652,9,75.00473239453017
i,92,23.31426667876415,10,95.33864534351972
x,55,58.08141622461033,7,67.14232774255386
f,6,82.0321305528324,35,57.396665572169645
h,67,5.7484921883703795,57,27.340228713025027
a,71,23.22760126004103,23,47.774294815050666
b,79,87.50659327007442,66,17.120012103109083
c,71,37.507387477025134,57,7.745614868781425
h,52,37.22333288592692,31,28.098583367823547
t,30,88.32580822598506,22,63.841123186456706
h,85,70.78939181013246,88,37.84797309208834
a,27,40.89524032339267,5,52.94336808927026
d,70,24.269516881150256,85,80.07314576448337
s,6,44.158882111337626,68,49.28820718925559
j,78,13.212144978310402,69,39.859498512187045
m,6,64.81565483235468,76,16.033678274581774
p,25,70.3787639752731,17,8.26957546790823
f,44,34.412623063403046,80,86.22393486399605
m,58,99.57882166100619,46,0.3317805117990624
o,65,72.84763250429651,73,28.272432489862364
g,60,37.298657329090176,18,35.68205201135003
b,61,49.6955507480685,34,17.62351087182831
i,25,60.77758565465843,83,19.342436839413235
t,70,80.22547873323016,10,75.23661986533145
u,91,38.659771345870794,38,33.94551737291165
i,80,87.52501627275497,30,62.634104468124555
k,34,49.07744618451797,30,59.82750833269178
u,59,35.029606552308636,23,77.96077282973711
z,50,52.15731419074802,90,63.55444888426612
g,73,11.210354566245373,17,4.058049120314033
n,48,83.2132943162121,51,81.47906740335512
e,47,52.17655801515356,18,59.44880474811022
x,10,40.84242284301879,57,6.17510193312234
g,6,48.3278984698173,79,4.605121141953883
h,67,52.472512814807025,5,71.87163891197721
d,51,18.658018684077838,52,43.86556201641587
j,87,69.68120984822421,33,79.92255277680165
a,14,98.82632396148334,85,32.63124427141266
x,60,90.45084987572261,8,91.90701647931833
e,25,19.972578745835555,77,74.79427504445853
x,97,9.057985285595848,30,81.62858916312877
w,61,30.046611781874766,32,43.72231085994764
d,45,13.875080492679448,87,76.89630510781089
a,58,69.15755813924187,13,26.295934994294967
n,91,27.229487353645077,66,81.42187367439546
r,49,19.06192475541395,11,8.573895231266683
g,66,43.35316557208765,66,73.89813678278065
p,77,70.92223590527799,56,59.47159008909166
f,60,47.976869782510434,97,9.856982376643863
i,92,53.793966918170334,99,56.4788137715138
h,46,66.91944775976982,81,94.34016923230519
r,33,33.38956301332103,63,56.83975596826293
i,100,60.27177640832853,20,70.23744265318584
x,100,94.26911046960052,36,28.684956311301455
z,82,0.837904075655771,29,2.435825234146227
k,5,0.5025243178649608,2,64.78351914260504
y,73,60.666944930807674,38,62.16866441336577
q,44,79.77371694550756,0,92.49122023987725
e,7,85.32079836005467,76,29.166667725747907
t,48,81.83098321574046,32,35.83371593952265
n,71,11.236427997887654,95,69.72051424649445
z,26,50.19367603478493,46,69.76184368801842
t,16,20.41719070486191,94,6.609531191876017
h,13,81.78195226327603,18,66.85839505429749
l,74,42.439813164002395,91,28.836391359172286
y,81,35.292548561194515,20,57.99059686417111
i,81,32.68211642276819,93,75.89512631262832
l,54,6.664719831148746,55,13.991716873700655
d,1,11.797150984527182,1,3.158302278065983
g,1,1.5260361839378955,56,39.90272363833765
d,81,10.467188148907368,83,11.68228526432542
y,97,40.057823086017144,21,73.19371275423397
n,97,9.532043316409744,75,8.573537530054832
z,18,36.362186930601226,45,43.56457173264828
c,4,95.88321246102547,88,70.19854932396548
f,2,76.48553208466473,18,10.24742648018121
s,52,42.960936226844005,46,95.92851082026874
p,96,32.39999162313748,98,84.89920631803881
i,1,33.99128187824042,68,82.57254493258262
l,35,54.40291503818992,76,13.71623629724783
z,7,71.64167677933465,2,77.75092254039284
w,79,30.186841406354915,71,36.85701256003443
n,79,26.79479553153997,71,95.02219417043904
u,64,42.542231998820625,65,26.571231231537272
m,26,66.02100885380634,97,80.85854381308123
k,60,44.33232098454744,6,48.65044582879373
x,97,18.305638121809377,25,74.98100370822584
i,25,60.78390281886753,55,92.86666732560015
f,50,91.14956243887936,30,97.15097833269701
i,53,27.599692107094633,27,8.217510655323046
b,57,45.10807591103848,70,23.36303523932608
k,55,38.29430979857612,68,57.39890476655511
c,8,39.84732072549551,89,94.72258634616828
y,2,57.15048088443869,92,55.879674311437036
f,35,69.82803964687035,74,60.72486372422906
r,23,19.767480037758347,42,89.1774548595505
n,72,72.38101758143326,2,33.47411871220659
h,90,96.08634691913895,73,14.256087201006151
d,1,17.171261724198406,100,9.00853198055862
d,35,90.44120402537743,67,13.4111292013262
z,66,98.35435498917857,17,58.4430881425265
d,25,79.0637362668056,96,76.09643837612377
x,10,58.604808804443266,67,24.835563279485882
v,3,53.42387301571593,61,23.19267650041824
g,47,42.291240681577705,35,41.91354350040629
y,58,99.87585502167458,1,27.199111868410707
c,80,53.26272626371009,36,66.66180880065694
t,29,20.176631193315774,7,56.98996653830057
t,89,51.140495267710165,77,10.870619457143317
n,59,0.3160614314686616,13,52.85857556597907
s,23,69.68041742433653,63,22.758597655109924
r,98,32.10892218944468,46,6.189175820053084
r,54,12.538225012950676,40,45.38080298200954
y,54,11.140717371608966,45,77.77538712775791
i,71,93.44060609474025,15,34.05554792177325
t,65,78.86545287134138,81,14.063443287207178
x,1,19.54460190777366,51,25.732232301485723
q,70,42.806615313624704,21,98.13288058439699
l,71,80.99543507285583,84,34.94422168361934
r,78,94.62447411957619,98,45.5914598009869
a,0,27.453397780062684,26,91.34306604153682
k,57,15.819678834901097,34,33.82423116441428
v,40,80.3993821861215,56,60.030062087898415
x,42,2.6346219867739995,65,93.51676195235271
j,83,78.23594843782887,15,90.0442268758216
i,29,34.074180214049946,43,14.704519965094597
v,33,58.16305198427628,30,25.574502420856504
e,20,7.233178523772743,24,65.98047656939559
x,84,91.12430656705752,44,43.13235410257852
n,45,24.727271524076045,72,5.88632249652703
c,78,40.883545812576905,52,68.30503556048805
p,89,92.27125908705315,57,6.128843782663218
q,11,0.3043353006951355,45,71.09728744571126
n,41,44.69381924870037,15,22.032162471029736
m,72,58.11779084505307,32,98.81317321030431
g,34,49.61890869976381,83,72.21530142603245
n,21,63.72401755464529,23,19.968940630313302
c,64,20.46905367915771,86,55.58906548566479
i,68,10.711171584043422,94,31.725392123848106
y,52,95.6575800258568,83,25.710075441600022
d,14,23.662017227772026,71,11.10946651400183
g,86,34.86686455784669,18,29.422233310508194
y,17,75.39265156471802,92,62.43640074357162
y,15,46.120053547098586,88,99.73893033498072
x,74,67.63718247230781,73,73.97941720405295
a,16,88.40337877351743,32,32.22302521792931
w,29,42.892048427103504,25,88.74149355353228
q,82,68.78271600609021,13,29.433068361319958
m,16,76.64103988460907,76,78.2942309298366
n,99,38.72108546691383,38,30.522742104192357
u,37,47.896042761168445,9,29.794786950470375
s,6,34.1924155480138,5,59.84200662909437
f,30,69.19475183187316,61,98.98612746707708
x,77,17.428601551681144,20,31.35550788622399
t,79,31.057464762108722,22,0.10192510729684079
b,69,70.37350549844743,99,5.111152047831002
v,62,23.392230859992424,28,63.379030376911736
b,57,15.385861039632577,71,83.95913489708047
q,17,7.603446255025414,61,92.34362014096199
o,61,65.14198015972592,23,57.374080441990735
p,6,81.31897820815179,80,88.97087688149047
n,97,29.02910530294176,87,85.95690423674208
y,1,77.33314269311958,27,49.04944699313221
f,54,85.60517146326711,51,50.461341181286414
q,84,14.081517911419683,46,1.133906891464953
g,78,34.4196235886232,17,41.81947808178479
l,82,22.11600122479038,59,66.83065488243665
y,47,57.95999608744077,76,3.800425898777493
x,97,15.377511967789792,33,49.50476633451368
c,75,93.84915907578569,40,11.729210422876013
x,91,66.82155058669947,32,7.799298393353182
h,29,68.20915405112228,84,82.97807249216491
o,56,97.24883567600024,14,22.12131492484041
b,0,50.64521256014412,57,46.23020623239669
v,42,22.678177290104617,67,72.45941224501927
i,66,50.43345115222414,94,48.92122486796261
p,43,31.758649629400736,96,81.49609821916044
r,3,53.58559731837123,23,7.362506625467646
s,15,42.522754549992314,78,16.62175950998035
d,88,40.06664961134053,82,30.05237973165098
r,12,82.55197288267337,90,13.787637904190342
o,10,5.5807994004765105,63,57.803563799139305
g,8,88.69335209664459,14,70.3801541128086
w,75,69.8973682026155,89,74.59838813781029
o,14,80.27525570610598,94,79.72457870405573
i,89,43.73969173939843,100,89.28223225479317
i,41,45.53694757675915,23,95.6095018004772
e,49,84.94726780459789,4,16.95178063530043
y,99,24.324069069729504,21,22.321477720498383
o,23,69.49864010688336,67,16.002644716569815
b,86,94.46598913126952,61,68.7726389403615
z,54,85.55943919927464,81,69.56098516970553
y,38,24.681888005744344,97,8.652375885291107
o,67,28.334275830094814,53,7.257732378451132
e,88,54.05153817721967,43,88.01553342235921
z,100,46.52350470402069,85,89.2229625273085
r,80,62.185458530882464,89,53.67773830175698
h,8,58.33653675644511,49,47.98990517905711
a,65,32.92469521030527,35,47.49777822927344
t,3,67.84227747352266,70,32.05910134814227
z,43,16.28579742659181,62,96.06230104142047
a,49,91.85100125613373,62,78.72825267518999
p,33,64.02518135265164,55,37.74942557619089
t,71,39.10434666274759,32,90.64332722562418
y,78,27.199070107600754,53,66.25733456753223
g,63,5.374049619713073,28,11.94843784426649
w,92,84.60670184683426,77,76.85140579730405
l,0,9.912604236942357,24,47.722998924893034
j,82,82.86080429975777,78,94.70349765837489
p,73,21.230269534483647,82,12.470911944397189
o,37,3.0711810609050483,77,67.63168701408665
d,99,86.00218245331982,83,87.54387343341189
x,19,47.64039224702269,68,23.985992696716107
m,97,50.34682389701592,89,97.06210449966571
d,59,40.82313344031206,18,77.48428087604171
z,6,99.14182010585124,21,92.41910081413462
g,48,12.711802011401707,77,53.818678980448375
m,72,16.75068224726919,74,38.62357784689673
w,47,94.75894146252317,6,37.947363883109794
x,2,53.610602307509666,97,75.55774412914269
g,73,50.734316828627954,67,27.691846878810043
p,70,43.334556852920656,49,88.84137431257622
w,0,13.177325085641323,25,8.837941316115616
v,25,37.39880840188555,23,23.320205142486373
h,63,27.222991013170763,64,66.72494124067019
f,82,32.50155910284391,25,35.1339958495427
l,15,49.447037632992476,45,76.07999741434783
k,83,82.49219740431774,39,70.71638355400374
l,46,36.281107613715704,25,21.28522025002105
y,32,61.99883395238722,99,35.87802792839305
m,56,43.86726762780063,60,94.03500171730977
b,32,50.2205458339934,70,31.62627713816838
n,35,3.5017818974142023,82,48.06843424975966
r,13,53.47818483480356,38,35.16320554685428
w,54,90.9436001280756,81,87.64552621679167
b,58,48.49629083330249,19,62.472873728708535
a,85,45.41301237834041,9,98.09444191904647
p,18,64.48856172262263,48,80.63759950325571
i,97,86.38886239683083,87,88.2098383820385
h,19,27.85750769129095,73,30.70336158601201
z,78,92.94557059952574,79,83.62956321235589
h,1,16.851163276580294,76,73.0603852162817
i,49,55.275271071209986,10,91.82871991504787
i,33,14.16901227007209,84,51.95741196428892
p,33,65.61077936241321,72,24.132456615734522
p,1,10.930031114225148,44,78.30737968800615
k,69,21.32523464923167,35,12.311372994987336
t,8,21.102118921791547,72,97.21325367614735
u,96,51.45791632445842,48,8.67228186158362
h,83,96.13590092336179,23,35.9794288785502
l,64,4.507694448485067,74,86.32238320471635
x,47,59.29705004838968,52,2.5455892095163413
f,29,71.09836821959142,38,99.04755653142513
x,5,70.64572249914002,51,5.646051526198736
l,45,74.8315408388846,97,44.738936823257525
j,57,79.3181286987846,33,48.94809782455221
s,6,99.7332141899021,52,76.7957421162624
n,77,44.47958312540412,100,79.57537033987198
c,39,17.133489918535606,68,47.259247550171345
q,31,43.26395542070478,87,0.8718703597595967
e,36,58.32832513256204,73,73.40096459876962
c,44,64.92411304097432,56,43.60699956852271
v,74,82.13011265202603,88,98.65651666436167
b,10,11.086138578628246,24,41.88081530277172
y,78,30.3252390113408,75,54.56344969802025
c,63,16.012576080017503,0,40.65409950163102
p,44,22.984656390828473,66,39.494928397280304
i,73,88.15533857688985,27,4.191789890320541
b,50,40.993931495951855,97,97.79935444718755
b,38,68.45793423799603,2,9.342915945178287
z,3,48.46503249139056,91,98.85422225040013
l,11,16.473100354195214,82,31.266564595586733
a,68,32.383012483517284,71,77.69106566746822
l,67,84.3779532436912,44,15.137458077843036
n,47,57.2369102533562,90,50.20471781924664
h,99,8.94813637370615,86,19.78576755672958
y,23,62.659892548831465,83,77.47332744008531
l,93,0.9406498706667876,5,47.25486205075805
n,65,16.264443829551144,69,94.16714312977665
y,47,23.95416953515116,24,52.75761774707699
e,30,50.93141975066573,61,74.35335675729524
w,21,73.80192680173465,82,56.807078545817056
i,43,29.91259573609789,76,29.043031223781945
p,70,95.30082947706242,73,1.674506735191117
s,26,24.48713284888938,37,3.8777763878502625
w,62,14.969846607330272,33,24.262533150217045
t,58,2.747423547357286,47,11.923146242477822
g,4,82.9183145617271,92,91.91954254882552
e,12,82.82657249624243,26,87.5504868388781
t,6,14.443031261603789,94,42.9071477644411
l,76,42.664726527919875,72,69.04271442770212
g,0,83.04637271467482,58,20.241365993496064
z,69,55.620460118552764,38,6.4941219067149
d,63,93.9829360957112,42,99.09325153906646
u,42,40.14154721374863,69,57.222100419770264
p,4,34.09199369571849,92,81.12431646979236
b,12,54.685153973778476,4,87.49744213374603
t,79,65.25835439423726,74,50.35308468717912
c,66,86.44658786611889,21,76.39019955045802
u,26,34.216316876297,67,20.008645551736524
l,68,71.11211763047763,27,37.87056411032348
g,25,22.748261911060787,64,59.815826630867186
h,52,51.906116813375256,86,25.164679498729857
s,54,65.24305125848446,37,67.12981121962488
n,34,99.23676533715353,92,4.28191911044552
k,99,49.34103107590874,11,74.80341457881323
z,29,17.94037748739825,12,42.854972756504225
r,29,4.278139850778151,18,92.82221211101657
k,98,57.980720069781825,33,98.71907622737265
q,3,49.813188337003886,33,10.619761069696965
d,30,14.131975477343083,20,53.77106986553951
f,16,96.4356506985717,44,59.24983136081512
m,19,76.43183331573509,48,7.632406410374671
w,74,18.635765273164175,45,67.6881327545451
d,70,94.910317586009,15,48.464117372919866
i,12,31.35402303225967,69,59.41293056660967
s,97,5.450583397726061,4,16.05747022114109
d,71,73.31902882576603,12,71.91463179272807
x,24,1.2746813489297626,4,33.93162819614533
b,0,87.04912773646839,97,3.1991777192675652
q,80,72.53561036633252,93,9.361274860290758
l,93,73.2882317122352,68,98.06810567724746
u,12,73.70331414675539,5,20.470209581625454
v,66,42.42815550272078,20,22.618955187664923
c,54,77.28281973931801,24,8.398746478677953
z,49,58.08140999899407,58,54.350603111108654
g,95,87.4434889817319,93,51.26202422004788
i,31,49.24529988895237,41,32.88763704293515
s,44,64.6031343186017,2,32.1965493987579
s,9,41.888080032263794,97,8.753020142551804
n,4,0.21196379991510472,38,95.15108765166367
n,26,87.94916091024592,55,77.92027883691559
h,100,71.93482424836544,25,62.77045223392194
o,15,39.76965997425399,77,63.820277880229014
g,12,64.46367277647767,5,16.713104870212636
q,26,4.777548171821211,81,16.130253858463217
w,3,62.270595585336665,94,85.52721623719103
t,66,53.9738329922231,64,87.96639835859968
d,36,40.88258760462414,2,11.975808372122376
q,10,99.85324526183092,30,7.089822216464081
h,5,45.607103508062465,17,31.110128701430085
e,27,35.966231861282694,92,23.239346343239408
u,40,76.09644510544572,98,84.92994073328607
x,26,38.49729505792341,15,31.116377131692495
m,34,98.72449152527646,73,31.050053299740355
m,4,58.59009267114536,51,35.85430555808615
q,17,39.84487462802777,21,58.71676478990935
l,88,57.31705154113443,95,73.30580015328621
u,68,5.121399938808979,61,8.279090053221328
b,66,74.54636737862043,45,80.01363921354323
v,37,79.98501571961596,78,1.22082751129724
b,66,50.19795264032151,62,61.7050617017334
i,14,1.1904981352257926,31,11.024597604116115
q,81,95.74162570430235,50,72.57857461975597
p,72,97.95680430142521,44,21.351324486837232
h,31,0.4947436733998445,11,59.02160720007219
l,39,73.40063194562055,30,63.40434762255532
r,45,44.42543763159678,4,25.168714516628587
y,33,73.06778976779785,82,41.89217962714754
y,22,85.95353650186377,12,9.401075850702767
w,15,77.16048491491455,84,89.31328154037156
g,79,42.562655037649265,66,69.32337781550879
j,43,32.93536382168156,91,0.684643245627159
s,47,4.936549759506925,58,91.10000727065112
o,81,26.61575320591475,0,33.55551332761165
y,46,78.63422859746635,74,36.99045048158233
j,94,86.16094769863926,67,2.240144556418655
n,43,95.05254972757335,24,35.58141060389969
p,23,13.208615514710488,86,10.648999824596306
b,11,34.89372692825441,33,18.29496561400139
x,31,29.752764242835106,65,69.92567253484538
d,70,41.83028952728971,6,9.204502690168104
m,73,83.23282297167009,75,37.296647380504396
h,8,87.63667334179442,1,49.17095925439578
v,92,12.159340033935727,55,15.845002984270451
o,35,86.30170609682833,43,88.98591019737793
w,82,43.41237846011048,82,37.319166126646465
r,4,79.91563371964732,53,88.40502680911175
a,32,2.7320534225450777,3,82.97071043167928
h,19,0.15924023329001447,2,32.63234878801137
d,67,77.19283753012562,41,42.32901328473524
c,67,89.5016610786167,49,59.78465099312877
a,85,92.40491812832987,79,36.048595196859246
g,28,88.03307371907556,25,86.91428979229951
b,11,59.7238517577058,74,67.22185384849695
d,78,73.75368758908722,52,7.910509048521774
r,4,65.13497578976425,66,99.18882356813869
n,100,23.56097692708169,82,56.29462355757512
g,66,88.10524761463661,52,50.318935532517585
o,68,69.63538100782931,85,24.841181666166957
j,65,59.246210185421745,27,11.700470525729934
t,45,62.50671839360138,59,35.60610600777097
w,81,41.495633745859536,86,67.793849420342
r,14,97.28912560641622,94,27.979827725806295
c,22,15.922636765177312,7,45.15895941879048
z,7,64.08926198421979,21,64.65513273456655
n,68,49.563785904820854,52,66.59793174149276
e,9,26.380110419326275,16,69.52688624548054
t,1,98.92732506987936,58,31.041952907648373
r,45,81.58741433237596,59,97.84776448546161
c,26,88.13510689860433,49,12.348927332170856
z,12,86.20802614907727,26,16.09091069087224
g,77,38.499711455867626,4,73.54339827764498
d,14,40.68573728510319,49,24.336287718009142
s,8,25.384378896713578,51,1.203985358475279
y,42,94.87336515905054,96,67.48512686920206
b,66,47.7918653988188,56,36.85676710282338
o,49,60.500240779130685,84,78.56760171720289
v,80,18.224582598998662,94,90.02872157851597
j,35,30.95440739216322,58,3.1743099425041055
h,9,68.57816943838984,4,48.36121572571213
z,95,3.7601497467824374,54,19.58597789970432
u,55,95.13865751510448,83,80.5608331567813
s,44,48.14051734528564,7,9.23704279741563
a,45,49.89453261583364,8,54.70042941508877
l,51,38.01596127950609,97,64.00116229804148
c,13,55.665019388795834,60,10.823692888781844
a,36,96.16104508625372,62,49.98193859852687
r,66,27.31657307497316,17,30.936447992431205
b,75,99.95485083066662,33,27.58124434021476
j,39,64.21799845842236,43,27.59931117063179
g,16,9.577864276680737,49,42.36725260671326
q,46,70.6128513391704,78,21.223404571362515
a,8,42.468530112581085,14,16.62659650405609
s,93,20.30171731047955,14,91.63715172779044
l,15,34.66383032681502,93,42.57617446724823
o,60,75.39489558626975,83,32.86367269754893
u,21,72.61971075437133,69,41.49176557686821
n,62,8.697673048618682,65,37.370432835598365
h,17,10.008068254974,97,63.58009259288412
v,74,31.417513238640893,67,61.01944820449023
u,18,68.04142787382762,9,67.20018120357321
v,66,15.746343804855623,83,99.6628945875312
h,7,20.983876390068936,48,58.32367430310461
c,21,0.2881318593055626,64,27.466390330482515
j,53,41.69353155570056,52,45.52560212394182
g,27,32.040311442925194,14,97.31414661257656
y,14,53.626237146053114,17,38.85231163048232
t,100,17.6002000484606,56,96.75553975026709
o,12,65.38538918202916,40,57.24209096508513
n,46,47.89638989566561,5,67.68399645070389
q,68,95.79714228925114,72,58.117980347894594
i,8,47.13105079154272,79,73.8192149460095
u,84,85.05961349514823,52,59.89371620266758
j,42,66.45294989314368,61,61.2608514619138
c,0,77.51743734606437,91,4.575651196156261
s,78,7.729571598570695,75,61.51921873115158
r,62,65.9252743752447,60,3.0267252483576756
e,44,52.719285751667435,51,11.40196695426522
w,63,3.165160428120717,20,71.94982829216494
k,26,7.156249130010761,93,78.48910057558656
k,62,58.820213880079585,100,6.432943019041204
l,20,85.31336970112743,57,81.77520033300495
z,31,98.64224645172442,45,29.83893616311466
n,59,23.95656109454721,48,87.10973660624995
v,49,15.253978998925689,80,33.4594685746916
q,45,29.06232197360469,46,23.11113559564649
y,88,40.75479787969118,74,48.502657261411805
x,2,97.840740686611,93,44.14070969962681
w,50,27.94881446870544,70,6.626218670243745
n,45,25.605278131458586,78,96.75342228623738
f,78,91.27784220836858,60,14.720316048667591
p,27,0.16738561041911293,41,40.78521454581902
c,78,14.465388412086588,47,15.986988996433082
b,47,82.4688911757972,36,70.06236228244776
j,58,29.06799064738759,83,66.81232191684202
f,18,27.62789703050267,92,43.48343609818867
v,49,6.643157616771445,80,39.82471699263929
k,77,62.87810858013042,85,47.430377502903596
u,21,15.984887103848989,11,0.7103208697664121
x,46,29.093254941973413,49,76.62427898220592
h,96,56.458510265919024,64,3.0753925329941034
s,76,71.7233859524904,67,81.2006816784329
s,100,60.382613280895214,21,92.15723354908205
m,77,3.217729959073834,52,4.646276491355483
v,15,10.990097356571782,53,98.82326885447989
b,34,75.52360333768021,44,30.262027667404833
q,47,22.639860141492598,83,73.35046209311224
y,24,15.761284331454917,17,90.13390344789963
n,49,86.40711203043729,20,73.03735659088724
k,1,29.28969216312187,100,69.97441495831524
o,3,63.829466954853764,48,17.247016634608325
k,50,17.357835267854004,76,33.199564561616576
o,3,25.737746630629456,70,99.3115128866334
l,70,26.190942753876122,53,90.66644783884149
k,52,13.96479161486428,47,86.27720233013319
q,1,21.73922707400262,0,14.358234649709278
e,92,0.3274639127240242,88,90.20435874077405
n,8,32.88852350280869,94,47.939746629996904
z,21,66.26879032736885,94,91.46015698781501
j,48,38.969970466608736,21,85.52410153004962
o,61,58.416799584931525,37,34.29152187715623
r,54,3.039543909195397,96,21.710759892785315
v,81,61.09134202043681,47,9.599663416413161
a,46,9.649409413809206,38,82.17528138367871
n,33,69.43048826666318,54,46.33939069048579
s,8,35.39643243683689,99,70.60504281628232
k,28,81.41261235315376,7,93.66279825262615
i,90,97.7232402313951,76,44.85025655373115
u,37,57.60503433527566,2,31.63955710834997
t,56,57.95982665747802,59,13.26525486629725
s,52,96.78232439374706,9,43.87501256953886
z,12,68.10536080701331,33,51.53437546988585
l,27,62.600971200915126,94,91.7519020598631
m,91,73.21205744336413,50,40.11290314048185
t,63,87.81184036465507,88,56.00265673097918
n,33,27.125910344760197,82,64.58346543554656
w,54,2.3677760913907497,70,83.92395471921445
w,47,0.4048039866849096,5,93.50575093324814
c,74,63.73601009983872,61,59.30939225140934
w,90,59.45249651573111,16,61.898903281128085
c,33,39.09246936510124,29,29.689368470059662
c,32,17.672247507420614,69,79.38376051556612
l,11,68.06885339783706,58,42.15437773185925
q,10,51.06851035869001,58,47.28262465222633
n,93,74.06858690613615,16,67.0196563353485
m,5,8.00394171731742,17,65.6352675555151
g,89,1.838644419056057,47,98.93796284103496
h,51,48.454003871415985,96,32.91659762042705
v,48,86.50086649853385,13,67.8471485392314
z,8,63.555693059582566,21,56.786942504492465
d,54,81.76923650221885,54,97.86891472094892
z,79,60.26408916284992,83,26.48236487821858
c,32,87.81518298277562,14,8.14668238889088
i,21,1.1960249323158978,27,73.35734340606669
e,53,75.88755622030271,74,46.92220816459732
q,90,63.505775702759415,11,52.595248113184326
i,33,52.798844155621595,63,4.681420900837107
l,43,74.94568572189131,25,69.04754853466717
z,47,1.6483058762214675,16,94.50234829449488
b,88,23.955382091977885,5,55.01784784761067
w,93,97.62004907501912,89,20.18067739653322
n,49,58.73973701426822,86,54.99376278284173
j,53,44.21474918267961,78,74.43945883579775
g,88,62.9187047851775,46,63.66695166107159
b,29,60.45405727178008,89,89.2139711072173
c,44,25.958224667954745,8,57.95136499069152
q,38,46.40794959874186,49,72.58750452874686
p,3,75.48144539971227,27,72.643454333745
u,98,96.04799907725598,54,12.493878523494772
i,31,46.56450028500881,10,61.62223178006142
h,1,60.41049260679768,21,24.991455552939023
m,40,77.84261440285421,16,85.10510878625954
l,65,33.87170819347804,66,91.29488292525923
q,72,5.8537806518588535,69,17.288517762621748
r,26,37.935022666898746,27,4.57558783358577
f,16,9.343070381850161,82,34.39454076232745
z,11,18.20731021547943,2,80.81333057041739
a,79,16.81663490492975,94,50.86364532019188
a,92,76.26969674137047,57,7.6604781864285325
n,71,85.60653087570707,98,53.95807344206447
z,96,46.79980180009774,10,90.42859489203516
e,59,1.4111954922883418,85,32.90176870480963
z,31,76.37210687132442,0,76.44668612686787
s,18,71.0822478487949,33,53.11648071361393
f,66,58.348903599512326,24,37.868209906814286
x,89,49.72476589165424,41,97.60918803210981
n,47,63.54238324487396,57,37.13662272639668
p,16,62.468059904992536,21,79.0630974657292
f,37,83.72944198432418,45,71.4968959357747
o,56,41.24376690793372,58,60.93790067553208
k,96,57.81131954582834,23,85.57749377227539
f,40,7.847103195619276,85,39.74309139783235
s,92,96.8741776995503,51,59.53837656684426
y,87,95.10829512307116,32,87.69193722453855
v,75,12.062104179666932,15,16.078738271136096
d,84,0.3117678031455795,63,46.87813967094303
z,69,77.05590799469977,53,43.57097002495705
h,88,78.00308497230675,33,4.551229749516262
h,72,78.71703620783656,59,62.928236618602284
s,38,81.96288084726014,83,55.39393869975711
v,85,89.81704568226799,66,0.15331858415004174
z,88,64.94586136925751,93,88.5888170184025
m,46,6.774027562213536,86,68.22405011432096
v,44,60.12917480188161,58,57.71093561583561
f,78,2.9121370509869293,98,1.4033777647332601
o,10,70.23778663922559,94,40.408630518893716
j,53,6.489898369411174,75,50.11034187073855
c,52,89.85083108227693,23,2.5190857882785855
g,77,73.43037797061933,27,97.06792130228185
o,44,41.314387161539855,31,65.47913820103174
y,57,14.398500739787645,22,2.099589778845734
i,72,26.05862571732427,1,42.145230919472574
o,87,48.561860315766516,8,98.79024962898633
j,38,65.37974261037658,64,12.44138493035586
u,12,52.631569415806524,41,17.818954186121594
f,86,40.59755364629881,31,88.13925084727911
z,68,72.13314536951007,17,55.59285359250625
b,90,17.810783410473675,2,30.27289950542753
q,80,35.2661873040573,5,8.367494069247927
r,62,67.35007313319655,39,9.651146502483353
x,100,64.58351176058257,32,27.746891954967857
l,93,46.323425578981706,2,3.862119152045007
b,2,14.78180064988207,84,11.478206845263461
a,100,55.67184367046457,66,63.52200552663073
d,44,34.58804238185819,90,61.97393053438667
u,9,53.321741213529194,79,22.366800941897836
y,48,6.209637825644332,10,12.233362979468442
z,5,46.07594423751705,3,26.917389245780797
k,83,98.7699431031141,26,64.48395055580417
k,26,58.8585512502138,31,6.527969238628839
j,7,7.8369439896026964,51,56.54221765334114
v,57,68.34253659756622,24,16.117685228004785
n,55,45.50845873866071,24,36.5042462596269
d,51,14.915648808824189,19,67.1456899485517
h,100,23.19656744429448,68,81.76430742689278
u,53,83.46601639691369,28,56.90302206208543
p,36,22.643576107391905,81,61.39771894335778
m,64,71.39843959011284,83,1.6903036509070435
u,62,84.70247089537168,58,68.63808257574911
n,59,53.95824414130781,7,19.001175037497163
x,18,22.772082556812368,25,39.396305189874624
j,60,55.0640134138995,41,71.21417469612585
h,7,42.579906250374535,39,46.3007377462876
y,66,72.1378575376436,34,26.106449598501737
y,38,35.269216845882724,0,93.6928864433329
a,48,91.50835408215615,0,70.62871487023818
v,68,16.83135815350798,97,28.159648714359655
p,74,21.628117235207057,96,3.206086237314687
u,17,44.1532831251553,67,53.00734896028235
s,75,89.92318761528624,19,80.45897104968533
b,16,19.406780823506388,52,53.081396390202606
u,89,57.36496772065245,79,60.13824584624312
c,50,38.31281125905672,60,98.17774261767632
z,4,75.3925031693958,5,34.57497337224501
s,60,45.68266890349124,35,17.11240922423358
o,0,75.59387564548572,10,15.940363388698541
n,97,70.7625770650726,34,58.95654527013481
p,57,3.4444251683749427,84,98.00044208072828
i,89,40.09670700321281,56,87.62256260405829
a,66,53.972653286014484,33,33.14109364742869
w,23,16.920773526634292,27,18.929325324478054
s,60,73.0939866576434,49,70.67523544796231
r,22,76.86568910451841,74,18.285527345502082
p,1,69.58671202713383,76,20.44421609248368
z,58,95.46270673551967,63,81.95914259551192
x,92,41.149166840832294,54,54.67433691882453
q,18,93.2631773806084,8,61.56237596583225
h,2,10.817663031382608,7,72.43328655552888
n,46,91.7616818575668,99,98.54257266636597
y,97,58.75547346802856,47,86.7842078762807
s,45,22.07444364690172,11,74.47905879115902
y,72,82.21824448802447,36,26.322117155533363
g,75,45.934872881437705,94,16.80781866685306
o,80,17.9947230568567,48,80.17626761924089
q,24,39.16903216594888,35,8.701770489017857
o,30,43.00946258747735,39,95.36416910476915
q,92,32.429598296764496,45,12.043242065078763
z,65,25.23222984051744,15,13.750977886445437
n,0,64.78497249305765,96,60.75443009233899
n,16,90.42493193525367,23,7.372044878769646
j,0,23.404032934604313,43,79.68167698176298
t,21,65.34486621451822,21,40.384250048854206
s,79,53.673327305131544,73,47.588334489732176
q,95,96.87780398765884,27,2.0592254695108836
f,59,8.157781703684853,53,16.18424897865308
z,69,24.517871000242753,90,99.88819367443577
b,90,1.7390779852305749,47,62.33743606790153
a,61,31.675227356067982,78,94.99052721354009
d,21,46.87332323773917,23,49.81159709867677
n,49,90.00113404276627,39,4.774520713945051
k,42,97.68630677340688,2,46.8537505035178
e,100,58.98891073911121,60,43.590633874858916
r,49,90.15610609071258,98,67.80995810826758
o,75,86.73779243222987,57,6.827162551267274
t,77,36.725455893050615,25,78.54754562028047
r,53,18.103089845129862,29,4.020262405350062
e,68,96.58293942889078,65,72.4822091161052
s,10,63.16438489940751,77,47.58477299035325
z,24,41.54123655240332,68,41.949127874901436
v,29,6.105374236806016,94,50.680694410280665
m,78,37.729675594924714,72,92.05185868451208
z,72,77.16949478679327,4,90.56037409458374
v,3,70.09789249076314,74,81.47667880075221
j,79,57.52856746741462,33,18.332545128464695
a,65,94.33213843712643,1,58.81611243185133
y,60,72.44206399366401,25,57.33632203902581
d,73,78.09579492799766,38,99.81119606766725
c,64,46.53399346471739,66,75.72049026902937
l,80,82.62333841883873,30,43.91879440457286
v,81,58.162460608435694,20,96.09003453246221
b,25,21.05842839698483,18,15.680843160400881
x,73,75.60447221151134,87,28.25503494519397
i,1,27.861316508763057,17,50.80052984773263
r,52,25.459291995352395,61,76.92598229298635
x,38,82.24641824906611,26,70.04348723420138
r,42,49.48145440710429,20,86.23855968491655
i,90,32.53890236606043,42,21.008343951614528
t,21,28.32059178591384,87,68.41542008601355
d,47,87.76356352296007,43,42.559630131826076
q,47,52.43392420573587,58,1.2557502996106362
k,23,84.48611779288304,86,70.98077238428799
f,72,67.58481705208588,50,94.02463997534144
j,43,43.871129234148384,91,75.03860281251455
n,13,15.848025818256284,89,23.482805714767895
e,31,61.25884772226314,21,26.571498178774856
n,8,34.89373203425884,100,25.56397659500067
o,59,93.03811178075252,80,31.094481787214946
i,74,30.02120634045514,14,99.52422417903215
u,29,99.0919820929199,15,98.02318950986428
k,36,68.83450767983244,71,79.31263989995003
j,42,49.64969577182487,69,71.22614881586395
n,63,65.04900412737825,95,90.99257469011042
e,42,11.578167933515292,14,74.97362029263594
c,82,20.300986294192214,80,38.84912278954623
s,12,17.344417593240415,37,52.17317272219878
b,67,25.286003486205978,91,51.7900283837639
f,9,7.43539242000939,25,78.14247121721279
x,13,4.24786472160239,18,25.146441174680156
d,22,33.106157060315724,1,97.85402588084612
k,93,21.761446613909406,37,81.41406726366873
s,93,63.49390457881474,77,6.468494516987533
k,32,0.26800744250157216,2,21.51713993996911
u,27,21.86566834761242,80,94.62526513817737
b,72,19.357323389599777,90,29.024633473567583
t,30,35.43399958194472,65,67.798469281687
k,69,3.011066485669933,66,54.27696953713149
x,29,14.67248436070685,65,70.96489156349544
x,69,62.193928617270245,16,33.05171379558711
v,78,0.5868338921201754,41,15.574908093886696
n,24,44.405729273727445,45,10.104875920392264
y,49,18.29626165773597,30,60.15747558484925
r,53,46.03304464096816,69,74.77733581491415
f,54,46.147254717797935,35,25.561762876040827
e,54,59.49090910544863,6,29.739543624646824
q,40,22.19263719521739,37,62.06326002328694
f,89,74.0878326745611,52,28.885665569639475
s,97,34.18723730453185,24,72.61806139822345
k,16,59.84679646526935,85,94.4375112524341
q,89,56.41393519631216,89,39.478241458493976
i,71,50.006985016381776,33,54.164263625962306
x,54,17.768609000495562,21,61.193612327455014
m,92,73.387320531182,0,2.1570749056410654
u,81,6.426868802365238,71,2.5924241619967425
u,0,96.01087669332082,68,79.87397967001245
b,92,43.91253428155346,21,12.551593147089656
p,42,52.434189116646266,41,74.33486438404846
e,7,84.97403363353617,9,48.89820310759669
r,74,45.155485804092,57,68.21077529558946
y,35,4.11934941330453,60,65.63093766573871
m,40,18.5960541878587,43,0.06984221195514007
r,95,18.772390468367618,53,18.578090270956306
l,52,49.78742839032068,62,34.661462557280565
y,15,60.539444466237555,21,37.3060310561128
m,34,63.38928698842518,99,77.91777921775093
q,37,36.01126585622117,53,16.65533132178546
t,71,51.35927658466005,66,76.45954502299678
o,35,10.806668662517637,38,72.15642729900493
b,18,83.05970860827122,28,66.46151286947142
i,28,59.929728856093554,5,61.08131917924621
e,16,97.79878335843122,88,95.18538420548084
e,53,85.8225714139199,2,73.52128384629164
c,1,0.12740474287528114,16,15.28837188270964
j,30,1.2789048298075034,63,37.210102292845995
n,97,43.12017423946348,70,86.81593046666632
r,22,36.127333594417976,5,2.370618301518068
p,0,54.77312901575575,88,73.53268259531768
x,87,72.79805268332392,57,20.84878511812963
r,57,6.587396359976938,7,88.66782570316232
d,65,3.656526016713313,68,77.76517349220838
s,82,14.987215017715439,71,71.47739442236669
b,13,90.20359492958958,34,56.33084736451903
h,24,67.85771352894568,100,76.85555506830764
j,43,45.27389387840368,81,29.302252330497737
t,94,53.8584983608243,30,77.01722996145757
j,48,33.64188260099431,84,69.80957880985757
a,16,93.96709901470518,79,48.73851740973271
b,50,73.95462699212015,60,4.193320025439007
a,86,11.039601470761795,14,52.667378049724164
u,30,65.7129146273005,81,34.62867935576298
e,31,43.03958561546397,91,93.62649709320802
z,25,21.23985310588543,55,51.01498242915354
l,26,10.17211492501665,9,22.167977689839358
z,30,94.05421146438017,92,67.43515273467999
s,37,93.94148883851699,28,27.945083704393536
o,87,12.805501466665635,68,95.59469092825641
v,5,82.28723536479322,25,71.51023301880326
i,27,73.1475790076885,34,50.448496781235775
d,54,23.554328248075752,20,47.48011826720695
k,4,58.92903012948424,24,83.83454017307018
y,65,33.80943960632836,49,96.37431969577808
h,73,65.04082052060122,97,31.329519113172065
p,98,54.009181149126285,74,13.964814743806532
j,3,31.639609664135392,49,21.156974366794113
t,17,62.83935927153609,52,41.033177695195945
p,31,60.44071584178885,6,33.54326693727002
j,62,93.6505723200169,3,2.762223466001057
k,59,96.90319908224477,43,20.05843640995142
l,15,88.63799195863305,3,46.035083494138874
u,38,64.17754063055145,48,47.24664222626721
k,43,22.70007301464568,66,97.17819474242587
c,73,96.14324984350367,41,44.088593569586266
p,28,23.80582471772854,36,26.85898489519454
o,80,32.029236442350474,29,30.389284498283274
n,5,33.89679449411891,67,25.18556499980208
e,41,49.738996050553766,14,86.28045364456476
c,78,57.807342047341535,64,91.26465733808574
x,29,39.48096637491471,41,76.59267781943497
v,98,79.61514681611665,60,79.5615807847421
o,39,74.8327774944474,66,50.22811601765292
j,74,14.37906396727543,63,60.5398285675786
t,68,76.51055644827083,10,7.971199469602963
q,70,81.99842440078523,91,78.40408126911368
t,22,55.74751265766443,86,83.31903453936644
r,60,28.410041103476868,90,61.59637628774265
j,10,15.781154125598452,6,65.09479170778607
d,12,18.412408204712793,37,60.97597912684538
c,55,20.43121297642475,71,91.94812055033837
r,41,52.81245409474913,100,99.92160274833982
t,87,71.44929385176081,13,69.76778837248985
b,86,12.520973813882563,41,44.007403055488304
z,46,44.812260643876826,4,47.922440765351105
y,49,36.5370895548186,73,26.930636198393476
s,57,99.90919752645993,25,85.47690713473301
y,1,85.37261713889063,81,54.720327718222435
a,43,30.16414749453854,27,87.13653408321746
k,43,47.170785140369134,65,40.101344294929135
d,94,86.43586276755582,46,88.41252528619215
w,32,79.20123692023155,54,68.36038854200305
r,12,46.1978458645643,78,10.761530277876762
n,25,18.481437303601002,30,68.18266217149203
u,16,15.712942630270167,72,6.711798503194655
x,48,43.405608349753955,13,81.69140295818045
p,59,67.2645707807296,70,17.058276278829744
n,31,62.51736576452436,81,46.40933998333004
y,75,93.14846667301252,74,71.56073239394904
o,57,89.38322461417604,64,6.769681884068534
o,81,67.33946834995295,59,42.06793674371575
p,23,66.59539216407686,59,92.81417365237057
a,54,29.251979084621414,33,85.81511262634197
d,76,25.215263433102663,39,31.4366789145601
p,31,39.167993167801605,70,37.64671480793004
w,55,18.52517766688584,67,84.39171490376354
i,53,47.82444262256769,69,8.192779324238808
j,54,39.356780766040636,5,50.728155014472875
p,14,0.9076799476815389,24,39.16221581442014
x,69,52.69104758282664,68,58.25140563726644
r,61,68.27159118607514,90,85.53902773878235
x,72,67.0313019762537,34,23.177785382188265
y,15,91.59931938256678,95,25.580633232014016
n,97,15.284179835728596,79,90.40296652031246
s,83,91.38462156946468,20,85.8763999574477
m,56,86.69152087255797,9,60.01662256197383
k,56,72.88011731275276,24,4.277675212329369
p,75,37.138905838151615,57,22.31992642687143
e,19,87.36863449775083,5,44.4419962541517
s,37,65.39683846678311,43,26.767488409925534
p,17,91.18885771122616,87,82.94155168973415
e,67,65.53247064877556,32,11.893277479026976
o,29,83.93773721242552,60,61.769240477601684
f,42,44.90234729707954,93,74.69675617792964
h,79,72.82009240591005,19,44.60704253128809
d,99,51.21264876150023,88,45.96315632689808
z,68,53.34341379272745,6,78.1932908658161
s,24,64.49618110242548,52,52.92600068282438
r,27,42.61503893574452,39,11.904079016012492
z,21,72.96459482816678,44,48.93820086416471
m,52,59.66704000012793,52,62.60449314742307
r,26,14.927997194113107,25,39.50343737492058
w,0,75.42715734277743,2,19.828251285035105
s,23,66.41480589211291,90,85.6151833902745
b,22,81.82178528985415,100,82.1201486956703
b,72,5.464884965558081,34,84.9244447001776
o,88,73.18573523687722,63,78.85005766935961
h,88,12.323922653160334,95,46.160414630661386
m,15,40.64597039852177,7,97.20058550134311
t,72,91.89527089004693,14,86.77413428221293
y,5,25.229283745736296,71,82.18922707645272
q,7,51.60366066976513,23,57.767768790689686
h,74,17.791635145411178,39,94.8221424465626
h,54,88.03872302184223,69,90.37196189234689
b,26,88.96912202619825,6,79.86443874660361
p,83,43.3425366526993,24,4.040405737472341
d,27,90.48165186267002,55,18.028467264821412
n,12,74.60726991146014,24,77.33096687834214
x,37,56.69386435541561,51,37.26991060406749
m,13,30.50185165448832,79,56.12921139462051
x,28,76.87909260611781,42,70.95161984398489
r,27,97.62346264167537,62,2.623128240152983
b,73,3.731452922230871,2,99.79661785527485
l,43,24.691224727202677,67,29.80544429124604
p,75,47.933889285747696,31,29.215336121603908
z,4,57.43822890730329,30,63.667387415978446
v,69,10.84526836371883,0,9.429019970537833
h,66,43.57866273329467,70,24.420571940519874
x,99,43.26001497208305,93,27.766350602973965
l,12,49.155469527728854,42,40.61948905620984
u,0,78.61702848148869,11,89.97462040117264
q,58,53.462453807562184,50,10.458204810845883
w,1,63.14534673822341,46,74.02210656460892
x,15,1.198135240299636,13,41.48056961626657
k,51,61.77939320779302,63,76.2580189308085
g,27,15.586159350930927,14,76.54402128343114
o,58,75.71453262252096,58,42.08466160440179
n,44,48.22641105771462,13,10.416663533949267
y,51,99.5664354396428,28,48.74028965579698
a,92,33.76177302971887,9,71.38488513432884
r,40,32.75778414533055,17,75.45468657638452
b,59,48.589156919780905,79,92.2112241056553
l,82,3.8668461417775912,66,9.589315597401104
z,15,60.15754850108621,91,87.02292990660396
y,7,32.12908939272694,36,10.961736353498619
q,77,71.62114232775177,98,90.37632132205545
a,69,71.54419555584745,10,60.21549747443831
e,79,10.415717977847994,27,57.123420678231874
h,86,85.80602328238092,55,77.53554799754548
s,62,26.57788325113829,38,11.354622552788696
h,38,75.74811949803276,1,62.261478914879056
y,90,86.62826877509808,42,57.6557210485942
w,32,45.44929060224375,84,31.012217329785763
k,69,88.70524953746845,6,25.91040968210211
e,17,9.583546294700618,53,42.13611377673471
i,95,16.514973409494495,73,84.19667507661273
w,75,93.81422648098902,73,74.2792834250719
q,63,26.46751079165959,17,12.66538548501499
m,60,85.94902315565986,51,54.239912606626675
z,96,64.72873048431933,76,34.90499137270078
k,63,90.59038242367185,51,53.79725259176298
x,94,37.266268672009815,58,76.24463556263068
f,26,74.10391300659528,38,35.01659566119256
t,63,47.143232134640925,31,10.503848212049727
r,7,81.79238958765386,85,15.82489379801858
u,61,84.40394569112041,89,48.27120263356569
p,62,59.20016362855257,44,83.14588941684976
y,11,49.703602711510456,2,14.118157719452984
q,27,56.01155284748223,2,12.461513056682339
o,16,9.185216371195871,0,63.64681361678416
y,30,71.03564969165362,42,90.6057154729661
p,45,44.91844840859351,77,69.23543709874026
c,55,54.95097134481123,62,22.009464263321
r,22,83.15834512570557,99,6.15166845619004
z,54,44.68992066103129,4,22.8391850968262
n,72,36.26441411837389,33,78.07548686949278
g,36,83.31189951916566,87,80.63243462039705
p,91,70.24131208903775,46,93.0159455304441
j,82,85.18128771212452,68,74.49148109871338
r,39,1.5279092020389684,4,87.90911556192542
s,77,82.2170332570876,74,92.02202903542621
m,31,94.71704989642798,91,88.57926843543812
p,92,77.43016099497893,52,25.047968504566008
f,49,20.82930639331221,1,9.998420616278135
h,49,64.3711762346336,55,84.35299441577986
a,46,99.90547720014422,98,94.20989600705899
m,56,63.26064197091929,3,58.045392123092086
f,5,17.603014141838493,49,43.3870997114159
f,50,25.771200828881103,78,30.29216308028124
d,14,29.36300395408421,16,1.8215325032497898
l,92,53.10757891992798,5,25.449619397907085
y,7,51.956288135441866,26,6.723338521353317
b,32,70.40676625051479,7,31.148327845203248
d,77,2.3617239212246344,32,71.07009070557166
p,1,67.15565899645931,86,63.373570426277546
e,22,15.888632325988961,88,55.5836051200439
y,82,92.47810632400089,60,95.41766368914622
i,75,11.79093480142248,45,64.73723947560612
h,3,57.52084503491004,38,54.14457488116101
f,79,98.86266936417273,83,18.772031070667495
t,44,31.227449471953882,45,90.3243329633837
w,22,87.13233622718154,24,19.667934258823372
i,46,30.877687417197375,23,29.965772456230955
z,97,47.720936944062984,50,19.150902253495328
y,63,26.416997637107208,44,56.4671974490872
u,14,18.117593914029918,54,18.507368881699193
i,68,49.36186838884375,72,41.787373305707916
y,21,55.294321449079305,60,4.503872021283339
r,3,66.70132725552207,52,75.36667890882401
k,88,68.1351564002975,57,6.203921482497776
w,71,73.67598272118195,34,36.69294843193747
j,29,21.847389897996138,97,8.066161645060388
d,74,55.04099762736722,50,82.6610134721215
c,64,48.525362356113156,92,59.24555723841186
i,80,89.67745795699742,54,32.81338817423873
o,81,35.425690856554326,77,47.82248243364001
x,21,40.520448117631105,96,3.10111011619274
m,41,54.60522763532393,96,49.954607124365666
a,85,80.57397658372545,2,25.856947438220303
e,37,98.20193818287561,59,63.89893366160763
j,31,46.32216035174947,47,89.67295106400046
y,95,39.225122673606236,93,76.74312577254143
q,3,30.65610956163124,92,41.59209691452135
g,63,21.809428728984102,6,9.915138380899247
d,29,10.163364657013075,15,47.56537504222423
r,19,39.12379377121476,51,75.2284219087101
j,37,76.40230841949602,7,33.28234734416886
j,47,33.987938308429555,75,0.5716317919803982
h,39,0.6861481999048902,3,76.29701528223711
q,92,80.34254538261182,85,1.81848651592591
s,97,7.782509575679841,48,85.36530047858808
q,88,68.00562881160832,72,12.977269844432449
c,70,67.3958885935981,44,45.684528420248036
t,63,50.20794326549625,23,29.158894269724335
b,73,68.45459800213838,65,51.32941014613744
j,58,29.723079240807582,60,15.3767344534539
j,99,31.253117270626774,86,85.75051833295876
g,15,31.100985743087627,7,85.69230347274811
f,77,5.164729813982516,100,14.777708603995777
k,35,37.40637158509289,16,59.064023468471404
s,63,5.984102707150363,34,75.80858039248315
d,28,56.19622116009274,77,90.90062532448015
t,6,54.25534204418826,17,54.278493934223306
t,29,31.987683006931068,68,0.8267208789327518
f,8,91.85622691510329,23,96.31164568269276
o,33,17.591213062394516,50,99.91169397125563
h,55,82.80175097677875,25,49.46015032422694
r,73,57.534521813711436,23,80.78668740404757
w,54,32.008958549375265,95,95.85176121867566
p,97,66.19706855099402,100,19.753777397951154
m,95,24.330865591751184,90,5.475085025340021
p,45,0.3558541080621147,0,74.54019229250078
z,23,14.496403207219288,56,47.64082169456263
q,72,28.543417926370395,61,93.34376206171866
